building,street,landmark,locality,vtc,district,state
#1085 Pattabhi Ram Shastry Lane,,,Nagarath Pet Cross,Bangalore North,Bangalore,Karnataka
NO 40,STORE STREET,NEAR POPULAR NURSING HOME,KALASIPALYA,Bangalore North,Bangalore,Karnataka
#15b new gangama chart street,mothi nagar,,mothinagar,Bangalore North,Bangalore,Karnataka
#39,3rd Cross,Near New Bomboo Bazaar,Kalasipalyam,Bangalore North,Bangalore,Karnataka
#5 admatha,1s cross,mujawar transport,J C road cross,Bangalore North,Bangalore,Karnataka
"#76 , 79",Gudapan Street,,City Market,Bangalore North,Bangalore,Karnataka
no 141,,,cubbon pet main road,Bangalore,Bangalore,Karnataka
#965,SHER KHAN ROAD,DHARMARAYA TEMPLE,NAGARATH PET,Bangalore North,Bangalore,Karnataka
"26, 1st Floor","Andanappa lane, K R Shetty pet","Mysore Bank, Avenue Road",,Bangalore North,Bangalore,Karnataka
NO 50,J C ROAD,MAURYA HOTEL,THAYAPPA LAYOUT,Bangalore,Bangalore,Karnataka
#64-3,Ganigara A Lane Ulssor Pete,,Chamarajapete,Bangalore City,Bangalore,Karnataka
#4 ground floor,express new city complex,,13 N R ROAD,Bangalore North,Bangalore,Karnataka
#A-4/1,O T C ROAD,Near pai vihar,chamrajpete,Bangalore North,Bangalore,Karnataka
#10/4 4th floor Mahalakshmi residency,24th cross,,Cubbonpet main  road,Bangalore North,Bangalore,Karnataka
#8,Fort F Street,NULL,Kalasipalyam,Bangalore North,Bangalore,Karnataka
#A-4/1,O T C ROAD,NEAR PAI VIHAR,chamrajpete,Bangalore North,Bangalore,Karnataka
"#219/3,3rd Floor, Dattathraya Nilaya",Cubbonpete Main Road,"opp,Silk Exchange Board",Cubbonpete,Bangalore North,Bangalore,Karnataka
# 29/5,"M S LANE, CUBBON PET",,"NARAYANASHETTY LANE, J M ROAD CROSS",Bangalore,Bangalore,Karnataka
"NO, 10",GANIGAR C LANE,JUMMA MASJID,NAGRATH PET CROSS,Bangalore,Bangalore,Karnataka
# 19/1,15TH CROSS,,CUBBON PET,Bangalore,Bangalore,Karnataka
# 19/1,15TH CROSS,,CUBBON PET,Bangalore,Bangalore,Karnataka
# 51,P R S Lane,,Nagarthpet Cross,Bangalore,Bangalore,Karnataka
#14,barline masjid compound,,mysore road,Bangalore North,Bangalore,Karnataka
"#29/5, 1ST FLOOR","M S LANE,",,"NARAYANASHETTY LANE, J M ROAD CROSS",Bangalore,Bangalore,Karnataka
# 7 1st Floor,Nagrath pet Cross,,Maldar pet,Bangalore North,Bangalore,Karnataka
# 8/1,1ST CROSS,,KALASIPALYAM,Bangalore,Bangalore,Karnataka
#90/B,"4th Floor, 18th Cross",,Cubbonpete,Bangalore North,Bangalore,Karnataka
"#47, 1st Floor",Chikkannamma Temple Street,Joripete,Srirampuram,Bangalore North,Bangalore,Karnataka
# 388/1,,Opp. Ayisha Masjid,Mangammana palya,Bangalore North,Bangalore,Karnataka
# 17,2ND CROSS,,POTERS COLONY,Bangalore,Bangalore,Karnataka
# 74,STORE STREET M R R LANE,,KALASIPALYA,Bangalore,Bangalore,Karnataka
#35,Annamma Tempele Road,Cubbon Pete,Cubbon Pete Jori Pete,Bangalore City,Bangalore,Karnataka
#dasappa maternity home Qutrs,B B M P S J P Road,,J C Road,Bangalore City,Bangalore,Karnataka
#33,Cubbonpet Main Road,Opp 10th Cross,Cubbonpet,Bangalore North,Bangalore,Karnataka
# 26,,,C STREET FORT,Bangalore,Bangalore,Karnataka
# 6/7,MUDILYAR GARDEN,,KALASIPALYAM,Bangalore,Bangalore,Karnataka
#08 muni ramappa compund,geddala halli,Near anjaneya temple,sanjay nagar,Bangalore City,Bangalore,Karnataka
# 3,GANIGARA D LANE,,NAGARATH PET,Bangalore,Bangalore,Karnataka
NO 11/2,RAMASWAMY SETTY LANE  M M LANE,,GANIGAR PET NAGARATH PET CROSS,Bangalore North,Bangalore,Karnataka
NO 11/2,RAMASWAMY SETTY LANE  M M LANE,,GANIGAR PET NAGARATH PET CROSS,Bangalore South,Bangalore,Karnataka
# 92/1,THIMMAIH ROAD CROSS,,KALASIPALYA,Bangalore,Bangalore,Karnataka
#16,21st Cross,Near S B M,Cubbonpet,BANGALORE CENTRAL,Bangalore,Karnataka
#20/2,11th Cross,Adjus cent to K G Road,Cubbon pet,Bangalore North,Bangalore,Karnataka
#25,Yallappa Garden,,J C Road,Bangalore North,Bangalore,Karnataka
"#15, 4th Floor",15 munoth Mansion 18th Cross,,Cubbonpet,Bangalore,Bangalore,Karnataka
"#15, 4th Floor","15 Munot Mansion, 18th Cross",,Cubbonpet,Bangalore,Bangalore,Karnataka
#18,J C Road,,Thayappa Layout,Bangalore North,Bangalore,Karnataka
#1392,"4th Cross,",,"Gandhi Nagar, K G Halli",Bangalore,Bangalore,Karnataka
#118,Anjaneya Temple Street,Cobban pet Market,Maruthi nagar yelahanka,Bangalore North,Bangalore,Karnataka
NO 72,,,APPAJAPPA GARDEN KALASI PALYA,Bangalore,Bangalore,Karnataka
#18,J C Road,,Thayappa Layout,Bangalore North,Bangalore,Karnataka
#20/1,"11TH CROSS, CUBBON PET",,CUBBON PET,Bangalore North,Bangalore,Karnataka
#120,1st Main 3rd Cross,,Agrahara Layout,Bangalore,Bangalore,Karnataka
"15/4, 5, K Malaji","1st Main, 4th Cross, Karagappa Garden",,S R Nagar,Bangalore,Bangalore,Karnataka
#4,Narayana swamy Garden,,J C Road,Bangalore North,Bangalore,Karnataka
#No-3,Gollar Ganganna Lane,,Nagarth Pet cross,Bangalore,Bangalore,Karnataka
NULL,NULL,NULL,Dharmaraya swamy temple street,Bangalore North,Bangalore,Karnataka
# 6,KOTE B ROAD,,KALASIPALYAM,Bangalore,Bangalore,Karnataka
#1/1,12th cross,,Cubbon pet,Bangalore North,Bangalore,Karnataka
# 27/8,MUNESHWARA MUTT,,KALASIPALYAM,Bangalore North,Bangalore,Karnataka
# 27/8,MUNESHWARA MUTT,,KALASIPALYAM,Bangalore North,Bangalore,Karnataka
# 136,,NEAR BASAPPA CIRCLE,KALASIPALYAM  SHAMBU PALYA,Bangalore North,Bangalore,Karnataka
#16/1,9th Cross,,Cubbonpet,Bangalore,Bangalore,Karnataka
#91,pailwan T Annaiappa Main Road,,Tigalar Pet,Bangalore North,Bangalore,Karnataka
#54 1st Floor,3rd Cross,,Cubbonpet,Bangalore North,Bangalore,Karnataka
#28 1st Floor,1st Cross,,Cabban Pete Main Road,Bangalore,Bangalore,Karnataka
# 179/3,S P ROAD D R LANE,,,Bangalore North,Bangalore,Karnataka
# 38-1,MYSORE ROAD,NEAR VETORNARY HOSPITAL,NIZAMUDDIN MOHALLA,Bangalore North,Bangalore,Karnataka
"#56,Rahamaj Bi Poor",,Basappa Circle,kalasipalyam,Bangalore North,Bangalore,Karnataka
#134,Basappa Circle,,Shambhu palya,Bangalore North,Bangalore,Karnataka
"#6/1 1st Floor,","S.P Road Cross,D.M.Lane,",,Thiglarpet,Bangalore North,Bangalore,Karnataka
#7,Durgamma Temple Street,,Kalasipalyam,Bangalore North,Bangalore,Karnataka
#27,"9th Cross, 4th Main Road",,S R Nagar,Bangalore,Bangalore,Karnataka
42,Cubbon Pet Main Road,,Cubbon Pet,Bangalore,Bangalore,Karnataka
#153/C,RAILWAY QUARTERS,RAILWAY COLONY,VONTIKOPPAL,Bangalore,Bangalore,Karnataka
#54,Chowlgally,Corporastion,Chamraj pet,Bangalore North,Bangalore,Karnataka
# 35 Ward 77,Sampangiramnagar,,K S Garden,Bangalore North,Bangalore,Karnataka
#65,2nd Cross,,Bhovi Colony,Bangalore North,Bangalore,Karnataka
#2,11th Cross,,Cubbonpet,Bangalore North,Bangalore,Karnataka
#2/1,"Krishna Singh Lane, Sita Ramamandira Cross",,Sunkalpet Main Road,Bangalore,Bangalore,Karnataka
#4,3rd Cross P V N Lane,,Nagarathpet,Bangalore,Bangalore,Karnataka
#21,Muniswamappa Lane,Behind Dharmaraya Swamy Temple,,Bangalore North,Bangalore,Karnataka
# 27/15,A V ROAD,,MARISWAMI MATA KALASIPALYAM,Bangalore North,Bangalore,Karnataka
NO 5,2ND CROSS R R LANE,,KALASIPALYAM,Bangalore South,Bangalore,Karnataka
#24,Ellappa Garden J C Road,,Fire Works Colony,Bangalore North,Bangalore,Karnataka
#6,18th Cross,,Cubbonpet,Bangalore,Bangalore,Karnataka
#7,Store Street Road,Near City Market,Kalasipalya,Bangalore South,Bangalore,Karnataka
44,C Street,Opp. Vanivilas Hospital,"KR Road, Fort",Bangalore North,Bangalore,Karnataka
436,"Avenue Road,",City Market,Kalasi Palya,Bangalore North,Bangalore,Karnataka
#23/1,Anjaneya Temple Street,Near Cubbon Pet Market,"Lingashetty Pet,",Bangalore South,Bangalore,Karnataka
#2304,"G Floor, 9th Main","D Block, 2nd Stage",Rajaji Nagar,Bangalore North,Bangalore,Karnataka
#21/1,Fornt F Street Dispensory Road,,Kalasipalya,Bangalore North,Bangalore,Karnataka
#22/1,Sanjeeva Naik Lane,Avenue Road Cross,Cubbonpet,Bangalore North,Bangalore,Karnataka
"#300/1, Savanda Marcket",Ground Floor,Avenue Road Cross,Old Taragpet,Bangalore North,Bangalore,Karnataka
,,,,Bangalore,Bangalore,Karnataka
02-Mar,,masthan sab lane,nagar peth ka station,Bangalore North,Bangalore,Karnataka
#35,Annamma Tempele Road,Cubbon Pete,Cubbon Pete Jori Pete,Bangalore City,Bangalore,Karnataka
#33 - 3,Mavalli Tank Band Road,,Kalasipalya,Bangalore North,Bangalore,Karnataka
#85,27th Cross,Anjaneya Gudi Road,Kabban Pete,Bangalore North,Bangalore,Karnataka
,,20-Feb,,Bangalore North,Bangalore,Karnataka
,,,,Bangalore North,Bangalore,Karnataka
22/53,Ramayya Street,,Cotton Pet,Bangalore North,Bangalore,Karnataka
#22/1,"1st Cross, Fort Street",,Medical College East,Bangalore South,Bangalore,Karnataka
#33,"Cubbonpet Main Road, 10th Cross Opp Building",Ganesha Temple,Cubbonpet,Bangalore South,Bangalore,Karnataka
#72 2nd Floor,Avenue Road,opp Union bank of india,,Bangalore,Bangalore,Karnataka
#9/3,"1st Cross, Artillary Road",,"Gowthampur, Ulsoor",Bangalore South,Bangalore,Karnataka
,,,Cubbon pet,Bangalore,Bangalore,Karnataka
#66,Kumbar pet Main Road,NULL,NULL,Bangalore South,Bangalore,Karnataka
# 43,Jumma Masjid Road,Mohammed Sabh Lane,NULL,Bangalore South,Bangalore,Karnataka
#5,P M Lane S P Road Cross,Biehind Karthik Plaza,NULL,Bangalore South,Bangalore,Karnataka
#41,J M Road Cross,,NULL,BANGALORE CENTRAL,Bangalore,Karnataka
"# 22,Shiv Shakti, 2nd Floor",Sanjeevappa lane,24th Cross,NULL,Bangalore North,Bangalore,Karnataka
"# 22,Shiv Shakti, 2nd Floor",Sanjeevappa Lane,24th Cross,NULL,Bangalore North,Bangalore,Karnataka
#41,J M Road Cross,,NULL,BANGALORE CENTRAL,Bangalore,Karnataka
# 6/7,CHINNASWAMY MUDILYAR GARDEN,,NULL,Bangalore,Bangalore,Karnataka
#321,8th Cross,NULL,NULL,Bangalore North,Bangalore,Karnataka
#111 3rd Floor,sadar patrappa road,Near Dharmaraja Temple,NULL,Bangalore North,Bangalore,Karnataka
#111 3rd,NULL,NULL,NULL,Bangalore North,Bangalore,Karnataka
#10,Avenue Road Cross,NULL,NULL,Bangalore North,Bangalore,Karnataka
#15/1,Dispensary Road,Opp D D P I Office,NULL,Bangalore North,Bangalore,Karnataka
NO-124 V R G MARKET,O K ROAD,,NULL,Bangalore North,Bangalore,Karnataka
NO 21,8TH CROSS,,NULL,Bangalore North,Bangalore,Karnataka
"#7/1,3RD FLOOR",G G LANE,NEELADRI LODGE,NULL,Bangalore North,Bangalore,Karnataka
NO 5 (OLD NO 8),4TH CROSS,,NULL,Bangalore North,Bangalore,Karnataka
43/1,"M T B ROAD, JOURNALIST COLONY",,NULL,Bangalore North,Bangalore,Karnataka
NO.40 1ST FLOOR,MALLIKARJUNAPPA LANE,,NULL,Bangalore North,Bangalore,Karnataka
NO.40 1ST FLOOR,MALLIKARJUNAPPA LANE,,NULL,Bangalore North,Bangalore,Karnataka
NO.40 1ST FLOOR,MALLIKARJUNAPPA LANE,,NULL,Bangalore North,Bangalore,Karnataka
NO.40 1ST FLOOR,MALLIKARJUNAPPA LANE,,NULL,Bangalore North,Bangalore,Karnataka
No 5,C Block,NULL,NULL,Bangalore North,Bangalore,Karnataka
#15,D S Lane S P Road,NULL,NULL,Bangalore North,Bangalore,Karnataka
No.8/2,Fort 'C' Street,Near Sharma Transport,NULL,Bangalore North,Bangalore,Karnataka
No.8/2,Fort 'C' Street,Near Sharma Transport,NULL,Bangalore North,Bangalore,Karnataka
No.8/2,Fort 'C' Street,Near Sharma Transport,NULL,Bangalore North,Bangalore,Karnataka
"111, 3rd Floor",S P Road,Near Sree Dharmarayaswamy Temple,NULL,Bangalore North,Bangalore,Karnataka
"No.63, 3rd Floor,","Nagarathpet Main Road,",,NULL,Bangalore North,Bangalore,Karnataka
No.82,S P Road,Ngm Plaza,NULL,Bangalore North,Bangalore,Karnataka
No 1106,O T C Road,"Opp , Carporetion",NULL,Bangalore North,Bangalore,Karnataka
"No 7,3rd Floor","S P Road,3rd Cross",Opposite C M A Boys Hostel,NULL,Bangalore North,Bangalore,Karnataka
"No 903/1,2nd Floor","Ranka Chambers, M B T Street",Ooposite Jain Temple,NULL,Bangalore North,Bangalore,Karnataka
"No 16 ,",Krishna Singh Lane,"Sitaram Mandir Road,",NULL,Bangalore North,Bangalore,Karnataka
No 17/1 1st Floor,29th Cross Old Chamrajpet,Opposite P V Marketing,NULL,Bangalore North,Bangalore,Karnataka
Raju Nilaya No 10/1,13th Cross,Near Basket Ball Ground,NULL,Bangalore North,Bangalore,Karnataka
Raju Nilaya No 10/1,13th Cross,Near Basket Ball Ground,NULL,Bangalore North,Bangalore,Karnataka
Raju Nilaya No 10/1,13th Cross,Near Basket Ball Ground,NULL,Bangalore North,Bangalore,Karnataka
No 4/1,Crescent Road,High Grounds,NULL,Bangalore North,Bangalore,Karnataka
"No.24, 2nd Floor",B S Market,,NULL,Bangalore North,Bangalore,Karnataka
No 20/28,A M Lane,NULL,NULL,Bangalore North,Bangalore,Karnataka
No.4/1,Crescent Road,Opposite Golf Course,NULL,Bangalore North,Bangalore,Karnataka
Door No-10/1,"7th Cross, Kuber Sing Lane",Lal Bagh Fort Road,NULL,Bangalore North,Bangalore,Karnataka
#19,"Nizamuddin Mohalla,2nd Cross, Baba Line",,NULL,Bangalore South,Bangalore,Karnataka
# 8/38 New No 8/2,C Street,NULL,NULL,Bangalore North,Bangalore,Karnataka
# 8/38 New No.8/2,C Street,NULL,NULL,Bangalore North,Bangalore,Karnataka
,,,,,,
"#13/1, 2nd Floor",A Street,Near Quba MAsjid,NULL,Bangalore North,Bangalore,Karnataka
#241,M T B Road,Kalasipalya,NULL,Bangalore North,Bangalore,Karnataka
"#96/2,","M M Lane,J M Road Cross,",NULL,NULL,Bangalore North,Bangalore,Karnataka
"No 11 , 3rd Floor",Chowlu Galli,Cubbonpet,NULL,Bangalore North,Bangalore,Karnataka
"No 11 , 3rd Floor",Chowlu Galli,Cubbonpet,NULL,Bangalore North,Bangalore,Karnataka
"No 11 , 3rd Floor",Chowlu Galli,Cubbonpet,NULL,Bangalore North,Bangalore,Karnataka
"No 2 , 3rd Floor",Chowlu Galli,Cubbonpet,NULL,Bangalore North,Bangalore,Karnataka
"No 11 , 3rd Floor",Chowlu Galli,Cubbonpet,NULL,Bangalore North,Bangalore,Karnataka
Flat No. 2   B/5,12th Main   Padmanabha Nagar,Kalpatharu Villa,NULL,Bangalore North,Bangalore,Karnataka
#20,Gangamma Temple Street,NULL,NULL,Bangalore North,Bangalore,Karnataka
# 33 Sri Lakshmi Complex 5th Floor,Appaji Rao Lane C T Street Cross,NULL,NULL,Bangalore North,Bangalore,Karnataka
#53,"A J garden, M T B Road",Near Charch,NULL,Bangalore North,Bangalore,Karnataka
#37,Rajagopala garden,Near subramanya Temple,NULL,Bangalore North,Bangalore,Karnataka
#06/3,Chowlugalli Sunkalpet Cross,NULL,NULL,Bangalore North,Bangalore,Karnataka
No 6/1,Fire Works Colony 1st Cross,NULL,NULL,Bangalore North,Bangalore,Karnataka
No 6/1,Fire Works Colony 1st Cross,NULL,NULL,Bangalore North,Bangalore,Karnataka
"NO, 145",BETWEEN 8TH AND 9TH CROSS,,MALLESHWARAM,Bangalore North,Bangalore,Karnataka
"NO, 43/2","15TH CROSS, MARUTHI EXTN",NEAR VYALIKAVAL CIRCLE,PALACE GUTTAHALLI,Bangalore North,Bangalore,Karnataka
"NO, 43/2","15TH CROSS, MARUTHI EXTN",NEAR VYALIKAVAL CIRCLE,PALACE GUTTAHALLI,Bangalore North,Bangalore,Karnataka
"NO, 151, GFS, ABHIJITH APARTMENTS","7TH MAIN, 11TH CROSS",,MALLESHWARAM,Bangalore North,Bangalore,Karnataka
"NO. 103, SANGEETHA APARTMENTS","B BLOCK, 5TH CROSS",,MALLESWARAM,Bangalore North,Bangalore,Karnataka
NO. 41/2,6TH TEMPLE STREET,,MALLESWARAM,Bangalore North,Bangalore,Karnataka
NO.U 50,"TEMPLE STREET,PIPELINE",PIPELINE,MALLESHWARAM,Bangalore North,Bangalore,Karnataka
"NO, 32/3,","8TH CROSS, 7TH MAIN",KADU MALLESHWARAM,MALLESHWARAM,Bangalore North,Bangalore,Karnataka
"NO. 15, SRI LAKSHMI NIVASA",6TH MAIN ROAD,,PALACE GUTTAHALLI,Bangalore North,Bangalore,Karnataka
NULL,NULL,NULL,NULL,Bangalore North,Bangalore,Karnataka
"NO, 32/3","8TH CROSS, 7TH MAIN",KADU MALLESHWARAM,MALLESHWARAM,Bangalore North,Bangalore,Karnataka
NO. 231/B,12TH A CROSS,,"VYALIKAVAL, MALLESWARAM",Bangalore North,Bangalore,Karnataka
"NO, 18/3",4TH MAIN,BETWEEN 7TH AND 8TH CROSS,MALLESWARAM,Bangalore North,Bangalore,Karnataka
NULL,NULL,NULL,NULL,Bangalore North,Bangalore,Karnataka
# 22,"D STREET, JAYARAJ NAGAR",,ULSOOR,Bangalore,Bangalore,Karnataka
# 69,4TH CROSS,POLICE STATION,MALLESWARAM,Bangalore,Bangalore,Karnataka
#91/1,East Park Road,Opposite Ram Mandir,Malleshwaram Bangalore,Bangalore North,Bangalore,Karnataka
"#35,A-15A,Tripura Nest  Apartment","11th Cross,6th Main",Opp Shama Rao Vittal Bank,Malleswaram,Bangalore,Bangalore,Karnataka
Old No 241 New No 62,12th A Cross,,Vyalikaval,Bangalore,Bangalore,Karnataka
FLAT NO 201,SANKY ROAD,NEAR SADASHIVA NAGAR BHASYAM CIRCLE,SADASHIVANAGAR,Bangalore,Bangalore,Karnataka
# 18/45 Vishal Apartment,11th Cross 5th Main,,Malleswaram,Bangalore,Bangalore,Karnataka
NULL,NULL,NULL,NULL,Bangalore North,Bangalore,Karnataka
113/17,1ST MAIN 16TH CROSS,CHOUDAIAH MEMORIAL HALL,GAYATHRI DEVI PARK EXTEN VYALI KAVAL,Bangalore,Bangalore,Karnataka
"#old No 59, New No 40",12th A Cross,,vyalikaval,Bangalore North,Bangalore,Karnataka
Flat No 1 Mallege Apartment,11th Cross 4th Main,Near Venu gopalaSwamy Temple,Malleshwaram,Bangalore North,Bangalore,Karnataka
#66-5-15,,,Ashoka nagar,Bangalore North,Bangalore,Karnataka
No 10/7,10th Cross Pipe Line Road,Near L V Lab,Malleswaram,Bangalore,Bangalore,Karnataka
NO. 12,"1ST TEMPLE STREET, 8TH CROSS",,MALLESWARAM,Bangalore North,Bangalore,Karnataka
,,"#6, 1st Main Road,",Palace Guttahalli,Bangalore,Bangalore,Karnataka
#40/2,14th Cross,,S P Extension Malleshwaram,Bangalore North,Bangalore,Karnataka
,,"#12, 3rd Cross,Muniveerappa Block",Palace Guttahalli,Bangalore,Bangalore,Karnataka
"#14, Ground Floor, Vruksha Apartments",16th Cross,Near Adigas,Malleshwaram,Bangalore North,Bangalore,Karnataka
No 2,Dattatreya Temple  Campus Pipe Line,,Malleswaram,Bangalore,Bangalore,Karnataka
,,"#6, 5th Main Road",Palace Guttahalli,Bangalore,Bangalore,Karnataka
,,"#34, Dodda Byarappa Street",Palace Guttahalli,Bangalore,Bangalore,Karnataka
"#38/2,1st Floor","17th A Cross, Ranganathapuram",Near Sidda Ashrama,Malleshwaram,Bangalore North,Bangalore,Karnataka
#32,6th main road,,malleshwaram,Bangalore North,Bangalore,Karnataka
# 7,N.T.I.STAFF QTRS,,Palace Guttahalli,Bangalore,Bangalore,Karnataka
,,"#69, 3rd  Main Road","Muneshwara Block , Palace Guttahalli",Bangalore,Bangalore,Karnataka
No 71,2nd Main Road,Opposite to Bilva Hospital,Malleswaram,Bangalore,Bangalore,Karnataka
"#39, Shreeshaila Krupa,1st Floor","4th Temple Street,15th Cross",,Malleshwaram,Bangalore North,Bangalore,Karnataka
# 31,"4TH CROSS, D MAIN ROAD, MUNESHWARA BLOCK",,P G HALLI,Bangalore North,Bangalore,Karnataka
,,"#44, 3rd Cross, 10th Main Road, M V Block",Palace Guttahalli,Bangalore,Bangalore,Karnataka
# 8/77,4TH CROSS SUDHEENDRA NAGARA  KODANDARAMA PURA,DHATTATRAYA TEMPLE,MALLESHWARAM,Bangalore,Bangalore,Karnataka
No 976,3rd Cross lane,Behind K C General Hospital,Malleswaram,Bangalore,Bangalore,Karnataka
# 37,"2ND CROSS, EAST LINE ROAD",,MALLESWARAM,Bangalore North,Bangalore,Karnataka
No 9-17,7th Cross Sudheendra Nagar Swimming Pool Extension,Opposite to Dattatreya Temple,Malleswaram,Bangalore,Bangalore,Karnataka
NULL,NULL,NULL,NULL,Bangalore North,Bangalore,Karnataka
# 7,N.T.I.STAFF QTRS,,Palace Guttahalli,Bangalore,Bangalore,Karnataka
#301 Regalia Apts,6th Main 15th Cross,Near M E S College,Malleswaram,Bangalore North,Bangalore,Karnataka
No. 142/1-1,Coconut Avenue Road,Between 7th and 8th Cross,Malleshwaram,Bangalore,Bangalore,Karnataka
NO. 22/1,"4TH CROSS, 4TH MAIN",,M.D. BLOCK,Bangalore North,Bangalore,Karnataka
"#43/1,1st Floor , Nandini Krupa",3rd Temple Road,Near Corporation School,Malleshwaram,Bangalore,Bangalore,Karnataka
NULL,NULL,NULL,NULL,Bangalore North,Bangalore,Karnataka
# 23/4,"11TH CROSS, S.P. EXTN",BEHIND COFFEE DAY,SUNDHEENDRA NAGAR,Bangalore,Bangalore,Karnataka
"# 15, 2ND FLOOR",1ST MAIN ROAD,,P G HALLI,Bangalore North,Bangalore,Karnataka
NO 10,Nagappa Street 3rd Cross,Muneshwara Temple Block,Palace Guttahalli,Bangalore,Bangalore,Karnataka
"No. 87, Sri Nanjundeshwara Building",11th Cross,,Malleshwaram,Bangalore,Bangalore,Karnataka
No. 8,8th Cross,Behind Chandus Hotel,Malleshwaram,Bangalore,Bangalore,Karnataka
# 36,3rd Cross,Near Hallimane Hotel,Malleshwaram,Bangalore North,Bangalore,Karnataka
"#39, 1st Floor, Shreeshaila Krupa",4th Temple Street,,Malleshwaram,Bangalore North,Bangalore,Karnataka
#25/14,13th Main 15th And 16th Cross,,Malleswaram,Bangalore North,Bangalore,Karnataka
No KT 39 Leela Nivas Flat No 101,15th Cross 4th Main Road,,Malleswaram,Bangalore,Bangalore,Karnataka
"NO. 301, 3RD FLOOR, SOUNDARYA PRIDE",7TH CROSS,,MALLESWARAM,Bangalore North,Bangalore,Karnataka
#9,G MAIN ROAD 4TH CROSS,,MALLESWARAM,Bangalore,Bangalore,Karnataka
"NO. 301, 22/19, 3RD FLOOR, SOUNDARYA PRIDE",NULL,NULL,NULL,Bangalore North,Bangalore,Karnataka
,,"#13/2, SRS Nilaya, 4th Cross, Vasanthappa Block,",palace guttahalli,Bangalore,Bangalore,Karnataka
#26 palace guttahalli,10th main road,near vayali kaval police station,a k colony,Bangalore,Bangalore,Karnataka
No 10,Nagappa Street 3rd Cross,Muneshwara Temple Block,Palace Guttahalli,Bangalore,Bangalore,Karnataka
"#55, Abhijit Apartments","7th Main, 11th Cross",,Malleswaram,Bangalore,Bangalore,Karnataka
,,#55 Abhijith Apts,"7tn Main 11th cross ,Malleswaram",Bangalore,Bangalore,Karnataka
,,"#2, 1st Main Road",Vyalikaval,Bangalore,Bangalore,Karnataka
No 13/2 Old No 5,"2nd Cross,",Akshya Complex,Munishwara Block Palace Guttahalli,Bangalore North,Bangalore,Karnataka
No A/3 Bhavani Nivas,H N Layout 10th Cross Swimming Pool Extension,Opposite Ganga Bharathi Service Station,Malleswaram,Bangalore,Bangalore,Karnataka
#59,17th Cross,6th Main Corner,Malleshwaram,Bangalore,Bangalore,Karnataka
,,B-2 Maitree Apts,6th Main 15th Cross Malleswaram,Bangalore,Bangalore,Karnataka
#25/1,16th Cross,,Malleswaram,Bangalore,Bangalore,Karnataka
,,"#34, 1st Floor, 3rd Main Road",Palace Guttahalli,Bangalore,Bangalore,Karnataka
# 317,15 TH CROSS,KAADU MALLESHWARA TEMPLE,SAMPIGE ROAD,Bangalore,Bangalore,Karnataka
,,#23 West Link Road,"4th Cross , Malleshwaram",Bangalore,Bangalore,Karnataka
,,B-3-28 Anandashram Buildings,"10 th Main , 13th cross , Malleswaram",Bangalore,Bangalore,Karnataka
,,"#172/ A , 3rd Main Road",palace Guttahalli,Bangalore,Bangalore,Karnataka
"#3594, 35/1",8th Cross New 2nd Cross,Near kodhanadaramamandira,Gayathri Nagar,Bangalore,Bangalore,Karnataka
,,#30 pavan,13th Cross Malleswaram,Bangalore,Bangalore,Karnataka
,,"#29 , 1st Cross","V R Puram , Palace Guttahalli",Bangalore,Bangalore,Karnataka
,,#77/8 2nd Main,"Vyalikaval Road ,Malleswaram",Bangalore,Bangalore,Karnataka
,,"#308 ,Haritha Apts,","112/ ,11 Th Cross Malleswaram",Bangalore,Bangalore,Karnataka
#Flat No.404. Amity Palace,"9th Cross, Divanara Palya","Gokula, 1st Stage",,Bangalore,Bangalore,Karnataka
,,#46/1  West Park Road,Malleswaram,Bangalore,Bangalore,Karnataka
,,"#11, 4th Floor , 5th Temple Street","5th Cross , Malleswaram",Bangalore,Bangalore,Karnataka
,,"#21/1 1st Cross, V R Puram",Palace Guttahalli,Bangalore,Bangalore,Karnataka
,,"#16, 5th Main Road",Palace Guttahalli,Bangalore,Bangalore,Karnataka
,,"#1, Snehalaya 3rd Cross, Muneshwara Block,",Palace Guttahalli,Bangalore,Bangalore,Karnataka
,,"#14, C K Street",Palace Guttahalli,Bangalore,Bangalore,Karnataka
,,"#11/1 , 2nd Floor , 3rd Cross","Nagappa Street , Palace Guttahalli",Bangalore,Bangalore,Karnataka
,,"#1, 1st Cross, Nagappa Street",Palace Guttahalli,Bangalore,Bangalore,Karnataka
#132,Margosa Road,Side of Leela Hospital,Malleshwaram,Bangalore North,Bangalore,Karnataka
,,"#13, '' E '' Main , 4th Cross","Muneshwara Block , Palace Guttahalli",Bangalore,Bangalore,Karnataka
,,"#10/2 , 2nd Cross , Kempanna Layout",Palace Guttahalli,Bangalore,Bangalore,Karnataka
,,#54,"7th Main, Mosque Road",Bangalore,Bangalore,Karnataka
,,"#157,1st Cross, V R Puram",Palace Guttahalli,Bangalore,Bangalore,Karnataka
,,"#46, 8th Block, N T I Staff Qtrs",Palace Guttahalli,Bangalore,Bangalore,Karnataka
,,"#409, 3rd Cross, V R Puram",Palace Guttahalli,Bangalore,Bangalore,Karnataka
,,"#40 , 3rd Cross , M D Block,",Palace Guttahalli,Bangalore,Bangalore,Karnataka
#2,2ND CROSS,,M D BLOCK,Bangalore,Bangalore,Karnataka
,,"#C-9, Chenna Krishnappa Street",Malleswaram,Bangalore,Bangalore,Karnataka
,,"#105,Haritha Apts, 11th Cross,5th Main",Malleswaram,Bangalore,Bangalore,Karnataka
No W-72,3rd Cross Pipe Line,,Malleswaram,Bangalore North,Bangalore,Karnataka
,,"#3, 2nd Cross, 1st Floor, Out House","M D Block, Malleswaram",Bangalore,Bangalore,Karnataka
#17/1,"7th Cross, Lower Palace orchid",,Sadashiva nagar,Bangalore,Bangalore,Karnataka
,,"#369, 5th Cross, V R Puram",V V Giri Colony,Bangalore,Bangalore,Karnataka
,,"#1, 12th Cross, Swimming Pool Ext",Malleswaram,Bangalore,Bangalore,Karnataka
NULL,NULL,NULL,Palace Guttahalli,Bangalore,Bangalore,Karnataka
#4,"13th B main, 18th cross",,malleshwaram,Bangalore,Bangalore,Karnataka
"#153/2,Flat No.103,Prajwal Mansion","7th Main,9th Cross",Near Indira clinic,Malleswaram,Bangalore North,Bangalore,Karnataka
#10/1 S-2 panchajanya apartment,13th cross 8th main,,4th cross M T Layout,bangalore,Bangalore,Karnataka
,,"#478, 4th Cross, Muneshwara Block",Palace Guttahalli,Bangalore,Bangalore,Karnataka
#3,9TH CROSS,,"SWIMMING POOL EXTN, MALLESWARAM",Bangalore,Bangalore,Karnataka
#45/1,,,1st Main Road Temple Street 13th Cross Malleswaram,Bangalore North,Bangalore,Karnataka
#U4/1,,,2nd Main 4th cross Jabbar Block P G Halli,Bangalore North,Bangalore,Karnataka
,,"#09 , Masque , Paralel Road",Palace Guttahalli,Bangalore,Bangalore,Karnataka
No 75,Pipe Line 3rd Cross,,Srirampuram,Bangalore North,Bangalore,Karnataka
No 37,11th Cross,,Vyalikaval,Bangalore North,Bangalore,Karnataka
"#8, 1st Floor",New 1st Temple Road,Near Adigas,Malleshwaram,Bangalore North,Bangalore,Karnataka
,,"#18/2 , Nagappa Street",Palace Guttahalli,Bangalore,Bangalore,Karnataka
MANTRI GREENS # D-701,NO 1 SAMPIGE ROAD,NEXT TO MANTRI MALL,MALLESHWARAM,Bangalore North,Bangalore,Karnataka
"#587/15, HANUMAN GIRI","7TH MAIN, K N EXTN",,YASHAWANTAPURA,Bangalore North,Bangalore,Karnataka
# 23,J Block,,Malleswaram,Bangalore North,Bangalore,Karnataka
#62,4th Cross,,Ashok Nagar,Bangalore,Bangalore,Karnataka
,,"#15, A A N Block, 1st Main Road,","Mariyamma Temple Street,Vyalikaval",Bangalore,Bangalore,Karnataka
,,"#11, Muneshwara Block","Nagappa Street, , Palace Guttahalli",Bangalore North,Bangalore,Karnataka
#187,1st Mainroad 1st Cross,Mahalakshmi Temple,Sadashivanagar,Bangalore North,Bangalore,Karnataka
"#7,Balaji Nilaya","10 th Cross,Pipe Line Road",,Malleshwaram,Bangalore North,Bangalore,Karnataka
#18,"11th Main,14th Cross",,Subramanya Nagar,Bangalore North,Bangalore,Karnataka
,,"#33/1 , D N R Layout , 3rd Cross",Palace Guttahalli,Bangalore,Bangalore,Karnataka
,,"NO.8/4, 3RD CROSS, NAGAPPA STREET",PALACE GUTAHALLI,Bangalore North,Bangalore,Karnataka
# 52,9TH BLOCK,NEAR P.G.HALLI METERNITY HOME,PALACE GUTTAHALLI,Bangalore,Bangalore,Karnataka
,,"#275 , 15th Cross",Vyalikaval,Bangalore,Bangalore,Karnataka
#39,13 th A Cross,,"Vyalikaval,Malleshwaram",Bangalore North,Bangalore,Karnataka
"#2, New No 7","S P Avenue Road,",,Malleshwaram,Bangalore North,Bangalore,Karnataka
,,"#34, Dodda Byarappa Street",Palace Guttahalli,Bangalore,Bangalore,Karnataka
#25,"Kempanna Street, Doddamavalli,",Padmavathi Quality Industies,,Bangalore,Bangalore,Karnataka
"2,3rd Floor",B/W Sampige Road And East Park Road,,"14th Cross, Malleshwaram",Bangalore,Bangalore,Karnataka
#154 SOUKHYA,COCONUT AVENUE ROAD,,MALLESHWARAM,Bangalore North,Bangalore,Karnataka
#44/1,17th Cross,Near Siddashrama,"Ranganathapura, Malleswaram",Bangalore,Bangalore,Karnataka
# J- 72/1,"J Block, Pipe Line",,Malleswaram,Bangalore,Bangalore,Karnataka
#U32,1st Floor,Pipeline,Malleshwaram,Bangalore North,Bangalore,Karnataka
#67/2,,4th Cross Link Road,Malleshwaram,Bangalore North,Bangalore,Karnataka
,,,,Bangalore North,Bangalore,Karnataka
,,,,Bangalore North,Bangalore,Karnataka
No 1,3rd Temple Street 13th Cross,,Siddanthi Block Malleshwaram,Bangalore North,Bangalore,Karnataka
,,,,Bangalore North,Bangalore,Karnataka
# U -48,1st cross M V block,,P G halli,Bangalore North,Bangalore,Karnataka
#12,"4th cross, 4th main",Near K C G hospital,"M D block, malleshwaram",Bangalore North,Bangalore,Karnataka
,,,,Bangalore North,Bangalore,Karnataka
,,#11/6,,Bangalore,Bangalore,Karnataka
,,"#32/14, D G Q A Residential Complex",J C nagar,Bangalore,Bangalore,Karnataka
,,"#32/14, D G Q Residential Complex",J C nagar,Bangalore,Bangalore,Karnataka
#V-44,,,"Pipe Line,Malleswaram",Bangalore North,Bangalore,Karnataka
,,"#2, 1st Main Road,",Palace Guttahalli,Bangalore,Bangalore,Karnataka
,,"#10/5,2nd Main Road, C Cross, Muneshwara Block",Malleswaram,Bangalore,Bangalore,Karnataka
,,"#157,1st Cross, V R Puram",Palace Guttahalli,Bangalore,Bangalore,Karnataka
,,"#31/2, A Main Road,",Palace Guttahalli,Bangalore,Bangalore,Karnataka
,,"#9, 1st Main Road,","Hebbal Mill, Ganganagar",Bangalore,Bangalore,Karnataka
"#12, Corporation School Inside.",11th Cross.,,Malleswaram,Bangalore,Bangalore,Karnataka
,,"#24, 1st  Cross, 1st main,",Palace Guttahalli,Bangalore,Bangalore,Karnataka
,,#54,"7th Main, Mosque Road",Bangalore,Bangalore,Karnataka
,,"#5th Cross, Jabbar Block",Malleswaram,Bangalore,Bangalore,Karnataka
,,"#4/U , 1st Cross, 2nd Floor","Nagappa Street , Palace Guttahalli",Bangalore,Bangalore,Karnataka
,,"#134, 8th Cross, Jabbar Block",Palace Guttahalli,Bangalore,Bangalore,Karnataka
,,,Palace Guttahalli,Bangalore,Bangalore,Karnataka
"#D2, Kailash Apts","8th Main, 11th Cross",,Malleshwaram,Bangalore,Bangalore,Karnataka
#54,12th A Cross,NULL,NULL,Bangalore North,Bangalore,Karnataka
"#45-S2, Chiliume Apartments",West Park Road,Near M L A School,NULL,Bangalore North,Bangalore,Karnataka
No 496,2nd Cross 3rd Block,3rd Stage 8th Main,NULL,Bangalore North,Bangalore,Karnataka
NULL,NULL,NULL,NULL,Bangalore North,Bangalore,Karnataka
NULL,NULL,NULL,NULL,Bangalore North,Bangalore,Karnataka
"NO.102 "" GEETHANJALI""","157/2, 8TH MAIN, 8TH CROSS","OPPOSITE SBM, PBB",NULL,Bangalore North,Bangalore,Karnataka
No 118,NULL,NULL,NULL,Bangalore North,Bangalore,Karnataka
No 1-5,13th Cross,NULL,NULL,Bangalore North,Bangalore,Karnataka
Old No 19 New No 46,2nd Cross,NULL,NULL,Bangalore North,Bangalore,Karnataka
No 39,8th Cross,NULL,NULL,Bangalore North,Bangalore,Karnataka
No 25,1st Cross,NULL,NULL,Bangalore North,Bangalore,Karnataka
"208, Sri Ranga Apartments","30, 1st Temple Street",Near Canara Bank Kodandaramapuram Branch,NULL,Bangalore North,Bangalore,Karnataka
"208, Sri Ranga Apartments","30, Temple Street",Near Canara Bank Kodandaramapuram Branch,NULL,Bangalore North,Bangalore,Karnataka
"63, trinetra apartments","2ND Temple Road, 15TH Cross road",opp kadumalleshwara temple,NULL,Bangalore North,Bangalore,Karnataka
No.10,13th Cross,Near Vinayaka Circle,NULL,Bangalore North,Bangalore,Karnataka
NO 156,1ST MAIN 2ND CROSS,WEST OF CHORD ROAD,MANJUNATH NAGAR,Bangalore North,Bangalore,Karnataka
No.703,"18th Main Road, 1st Block, 3rd Stage",Near Manjunath Temple,Basaveshwara Nagar,Bangalore North,Bangalore,Karnataka
NO.410,"12th Main Road, 1st Block 3rd Stage,",,Manjunatha Nagar,Bangalore North,Bangalore,Karnataka
No.243,"5th Main Road, 1st Stage, 1st Phase,",Near Modi Hospital,Manjunatha Nagar,Bangalore North,Bangalore,Karnataka
#16,"4th Main, 1st Cross",,Shankaranagar,Bangalore North,Bangalore,Karnataka
NO 92,,NEAR WEST OF CHORD ROAD,MANJUNATH NAGAR,Bangalore North,Bangalore,Karnataka
NO. 1975,"8TH MAIN ROAD, 2ND STAGE, E BLOCK",,RAJAJI NAGAR,Bangalore North,Bangalore,Karnataka
NO 2073,8 TH MAIN E BLOCK,,2 ND STAGE RAJAJINAGAR,Bangalore,Bangalore,Karnataka
NO 24,8TH MAIN ROAD,PUSHPANJALI THEATER,MANJUNATH NAGAR,Bangalore,Bangalore,Karnataka
#423/70,2nd Floor 10th G Main Road,,6th Block Circle Rajajinagar,Bangalore North,Bangalore,Karnataka
NO 110,70 TH CROSS 5 TH BLOCK,OPP V I P SCHOOL,RAJAJI NAGAR,Bangalore,Bangalore,Karnataka
#29,2nd main  1st phase W.O.C.Road,Navarang Theatre,Manjunath nagar,Bangalore,Bangalore,Karnataka
NO. 856/A,"14TH CROSS,",NEAR MODI HOSPITAL,RAJAJI NAGAR,Bangalore North,Bangalore,Karnataka
#70/Y,14th Main road,,3rd Block,Bangalore North,Bangalore,Karnataka
NO 1395/A,2ND STAGE D BLOCK,,RAJAJINAGAR,Bangalore,Bangalore,Karnataka
#781,12th Cross road Rajajinagar,,Indiranagara,BANGALORE,Bangalore,Karnataka
#119/34,14th A Cross,Near TTD Temple,Rajajinagar,Bangalore,Bangalore,Karnataka
#726,19th main 1st Block 3rd Stage,,Manjunathanagar Rajajinagar,Bangalore,Bangalore,Karnataka
# 39,1 ST MAIN ROAD SHIVA NAGAR,,RAJAJI NAGAR,Bangalore,Bangalore,Karnataka
# 242,"6TH CROSS, INDIRANAGAR SLUM",,RAJAJINAGAR,BANGALORE,Bangalore,Karnataka
#322/B,1ST Cross 2nd Phese,,Manjunathanagar thimmaiah Road,Bangalore North,Bangalore,Karnataka
#81,8th Cross,,Rajajinagar,Bangalore,Bangalore,Karnataka
no.1059/c,"18TH B MAIN ROAD, 5TH BLOCK",BEHIND N P SCHOOL,,Bangalore,Bangalore,Karnataka
NULL,NULL,NULL,NULL,Bangalore,Bangalore,Karnataka
#192,3rd main Road,W O C Road,"1st Phase, 2nd Stage, Manjunathanagar",Bangalore North,Bangalore,Karnataka
172 Grey Stone,5th Main 2nd Stage 2nd phase,Near Nandini Theatre,Mahalakshmi Layout,Bangalore,Bangalore,Karnataka
"#153,","2nd Cross, 2nd Block",Near Venkateshwara Sweets,"juganahalli, Rajajinagar",Bangalore,Bangalore,Karnataka
#234,8th C Main Road 3rd Cross,,Manjunathanagar,Bangalore,Bangalore,Karnataka
#278,2nd main road 4th cross shivanagar,,Rajajinagar,Bangalore North,Bangalore,Karnataka
# 321,4 TH MAIN 6 TH PHASE 1 ST STAGE INDUSTRIAL TOWN,NEAR GIRIAS SHOW ROOM W O C ROAD,RAJAJINAGAR,Bangalore,Bangalore,Karnataka
# 36/A,6TH MAIN ROAD,SRIRAMAMANDIRA,RAJAJINAGAR,Bangalore,Bangalore,Karnataka
#19 A,"7th Main Road,42nd Cross,4th Block",,rajaji nagar,Bangalore North,Bangalore,Karnataka
"#456/45,Keshava nilaya","9th Main road,2nd Block",Near L F Dispensary,Rajajinagar,Bangalore,Bangalore,Karnataka
#7,3rd stage 2 nd block 1st main,,Basaveshwaranagar,Bangalore North,Bangalore,Karnataka
#77,4th Main 1st Phase WCR,,Manjunatha Nagar,Bangalore,Bangalore,Karnataka
#178/A 1st Floor,"1st Main, 1st Phase",,"Manjunath Nagar,",Bangalore North,Bangalore,Karnataka
#13/1,2nd B Main Road,,Rajajinagar . Juganahalli.,Bangalore,Bangalore,Karnataka
no.03,"8th main ,8th cross",near doddamma devi temple,shivanagar,Bangalore North,Bangalore,Karnataka
#22,13th Cross Pipe line cholur palya,,Vijayanagar,Bangalore North,Bangalore,Karnataka
#11,34th B Cross 2nd Block,,Juganahalli . Rajaji Nagar,Bangalore,Bangalore,Karnataka
#73/2,"2nd Cross, 20th B Main, 1st R Block",,Rajaji Nagar,Bangalore North,Bangalore,Karnataka
589,"10th Cross,Indiranagar Slum",,Rajajinagar Nagar,Bangalore,Bangalore,Karnataka
#536,47th Main Road 4th Block,Near Macidhi,Rajaji Nagar,Bangalore,Bangalore,Karnataka
#60/21,"7th main road,51st cross",Behind sai baba temple,Rajajinagar,Bangalore,Bangalore,Karnataka
# 239,27 TH CROSS 2 ND BLOCK,,RAJAJI NAGAR,Bangalore,Bangalore,Karnataka
NO 82 C 2,12TH MAIN ROAD,,SHIVANAGAR,Bangalore,Bangalore,Karnataka
No 82/12-2,2nd Cross 1st R Block,,Rajajinagar,Bangalore,Bangalore,Karnataka
#217,1st Main Road,,Prakash Nagar,Bangalore,Bangalore,Karnataka
NO 126,1ST MAIN ROAD 1ST STAGE 3RD PHASE,,MANJUNATHA NAGAR,Bangalore,Bangalore,Karnataka
NO 450,"8TH CROSS, 3RD MAIN  2ND PHASE, 1ST STAGE",,MANJUNATHANAGARA,Bangalore North,Bangalore,Karnataka
#4159,9th Cross,,Subramanya Nagar,Bangalore North,Bangalore,Karnataka
#477/7,38th Cross 2nd Block,,Rajajinagar,Bangalore,Bangalore,Karnataka
NO 809,14TH MAIN 3RD BLOCK,,RAJAJINAGR,Bangalore,Bangalore,Karnataka
#10-1/12 S F 2 SUNRISE APARTMENT,71A CROSS 18TH  B MAIN 5TH BLOCK,,Rajajinagar,Bangalore North,Bangalore,Karnataka
#2443,12TH MAIN E block,,2nd stage rajajinagar,Bangalore North,Bangalore,Karnataka
#415,20th Main W.O.C Road,1st Block opp. Tata Motors,Rajajinagar,Bangalore North,Bangalore,Karnataka
#13,"6th Cross, 1st Stage, 2nd Phase",,"Manjunath Nagar, Rajajinagara",Bangalore North,Bangalore,Karnataka
#119,,,12th B Main Road 6th Block Rajajinagar,Bangalore North,Bangalore,Karnataka
#328,"8TH MAIN,8TH CROSS",NEAR FLORENCE HIGH SCHOOL,GOVINDRAJ NAGAR,Bangalore,Bangalore,Karnataka
NO 129,20TH B MAIN,NEAR ISKON,RAJAJINAGAR,Bangalore,Bangalore,Karnataka
#171,"13th main road, 3rd block,",,rajajinagar,Bangalore North,Bangalore,Karnataka
#403,"sarang apartament, shivanagar",w o c road,rajajinagar,Bangalore North,Bangalore,Karnataka
,,House No A /2,2nd main Shivanagar Rajajinagar,Bangalore,Bangalore,Karnataka
# S-1824,4 TH CROSS 2 ND STAGE D BLOCK,BEHIND SRI SAI WOMENS COLLEGE,RAJAJINAGAR,Bangalore North,Bangalore,Karnataka
NO. 24 - 4,4TH CROSS,,RAJAJINAGAR,Bangalore,Bangalore,Karnataka
#117,5TH CROSS 2ND PHASE 3RD MAIN,,MANJUNATHA NAGAR,Bangalore,Bangalore,Karnataka
#935,17th Main  3rd Block,Near ESI Hospital,Rajajinagar,Bangalore,Bangalore,Karnataka
#989,3RD BLOCK 54TH CROSS,BEHIND RAM MANDIR,RAJAJINAGAR,Bangalore,Bangalore,Karnataka
# 1339/56,,E Block 5th Main,Rajajinagar,Bangalore North,Bangalore,Karnataka
#989,54TH CROSS 3RD BLOCK,BEHIND RAM MANDIR,RAJAJINAGAR,Bangalore,Bangalore,Karnataka
NO 173,14TH CROSS,,rajajinagar,Bangalore,Bangalore,Karnataka
# 801/A,62ND CROSS,,5TH BLOCK RAJAJINAGAR,Bangalore,Bangalore,Karnataka
# 133,4th Cross 2nd Phase 40 Feet Road,,Manjunathanagar,Bangalore,Bangalore,Karnataka
#154K,19th A Main 14th Cross 1st Block,,Rajajinagar,Bangalore,Bangalore,Karnataka
#192/A,2nd Main 4th Block,,Rajajinagar,Bangalore,Bangalore,Karnataka
# 521,63 RD CROSS 11 TH MAIN ROAD 5 TH BLOCK,,RAJAJINAGAR,Bangalore,Bangalore,Karnataka
# 538,"10TH CROSS, WEST OF CHORD ROAD, INDIRANAGARA",,RAJAJI NAGARA,BANGALORE,Bangalore,Karnataka
# 241,"1ST MAIN ROAD, 1ST STAGE, 3RD PHASE",WEST OF CHORD ROAD,RAJAJINAGAR,BANGALORE,Bangalore,Karnataka
# 521,63 RD CROSS 11 TH MAIN ROAD 5 TH BLOCK,,RAJAJINAGAR,Bangalore,Bangalore,Karnataka
#904,"1rd Cross, Indiranagar",,Rajajinagar,Bangalore North,Bangalore,Karnataka
# 485,"9TH CROSS, WEST OF CHORD ROAD",NEAR MODI HOSPITAL,INDIRANAGAR,BANGALORE,Bangalore,Karnataka
#242,1st A main 2nd cross shivanagar 3rd block,,Rajaji nagar,Bangalore North,Bangalore,Karnataka
NULL,NULL,NULL,7th Main 51st Cross 4th Block,Bangalore,Bangalore,Karnataka
# 57 OLD NO 116,12 TH MAIN ROAD,NEAR PUSHPANJALI THEATRE,SHIVA NAGAR,Bangalore,Bangalore,Karnataka
#408,6th main road 1st stage 6th phase,,Rajaji nagar,Bangalore North,Bangalore,Karnataka
17 1st floor,11th main,,manjunathanagara,Bangalore,Bangalore,Karnataka
#250,3rd stage w o c road,Nadgir polytechnic  near,manjunatha nagara,Bangalore,Bangalore,Karnataka
# 307/B,5th phase 8th cross 1st stage W O C road,,Rajaji Nagar,Bangalore North,Bangalore,Karnataka
NO 201,29th Cross 2nd Block,Near Basaveswara College,Rajajinagara,Rajajinagar,Bangalore,Karnataka
#6135/A,3rd Cross 6th Block,,Rajajinagar,Bangalore,Bangalore,Karnataka
# 168,11TH MAIN ROAD,NEAR RASANA SCHOOL,MANJUNATHANAGAR,Bangalore,Bangalore,Karnataka
#206/B,53 rd cross 4 th block,,rajajinagar,Bangalore North,Bangalore,Karnataka
#594,1st Main Road 2nd Block,,Rajajinagar,Bangalore,Bangalore,Karnataka
#35/,"19th D Main,1st Block",Sagar Hotel,Rajajinagara,Bangalore North,Bangalore,Karnataka
#1820/19,4th cross. B block,BHD SAI MAHILA COLLEGE,RAJAJINAGAR 2ND STAGE,Bangalore,Bangalore,Karnataka
#2375/C,13th main A Block,,2nd Stage Rajajinagar,Bangalore,Bangalore,Karnataka
#838,13th cross,,indira nagara,Bangalore,Bangalore,Karnataka
# 106/1,5th Main 8th Cross 3rd Stage,Near Indian School,Rajajinagar,Bangalore,Bangalore,Karnataka
#97,2nd Main Road,,Shivanagar . Rajaji Nagar,Bangalore North,Bangalore,Karnataka
# 183,"12TH MAIN, 3RD STAGE, WEST OF CHORD ROAD",NEAR INDIAN HIGH SCHOOL,BASAVESHWAR NAGAR,BANGALORE,Bangalore,Karnataka
#4/5,8th Cross 1st N Block,,Rajajinagar,Bangalore North,Bangalore,Karnataka
#109/2,3rd main,,rajajinagar,Bangalore,Bangalore,Karnataka
#114,3rd main,,rajajinagar,Bangalore,Bangalore,Karnataka
#81,5th main road 8th cross  3rd stage,,manjunatha nagara,Bangalore,Bangalore,Karnataka
"#2933, Suprasad Nilaya","1st Cross, D Block, M K K Road, 2nd Stage,",,Rajajinagar,Bangalore,Bangalore,Karnataka
#209,40feet road,Near muneshwara temple,Manjunath nagar,Bangalore,Bangalore,Karnataka
408,"6TH MAIN, 6TH PHASE, 1ST STAGE, W C R",,BASAVESHWARA NAGAR,Bangalore North,Bangalore,Karnataka
#2879,14th Main E Block,,2nd Stage Rajajinagar,Bangalore,Bangalore,Karnataka
#8/86,3rd Cross 6th Block,,Rajajinagar,Rajajinagar,Bangalore,Karnataka
#41,6th Cross 4th Block,Near K B Temple,Rajajinagar,Bangalore,Bangalore,Karnataka
#113,2nd Main Road,,"Industriyal Town,Rajajai Nagar",Bangalore,Bangalore,Karnataka
#738/1,58th Cross 4th Block,,Rajajinagar,Bangalore,Bangalore,Karnataka
NULL,NULL,K B Temple,NULL,Bangalore,Bangalore,Karnataka
#88,"3rd Cross,",Near Modi Hospital.,Indira Nagar,Bangalore,Bangalore,Karnataka
#81/91,"12th C Main,",,"Shiva Nagar, Rajajinagar",Bangalore,Bangalore,Karnataka
44 1st floor,8th B main road 2nd block 3rd stage,,manjunatha nagar,Bangalore,Bangalore,Karnataka
25/29,2ne cross shivanagar,,rajajinagar,Bangalore North,Bangalore,Karnataka
"#1029,2nd Floor","4th block,59th cross",Next Brahmana bank,Rajajinagara,Bangalore North,Bangalore,Karnataka
,,#7/2/53 1ST A CROSS 6TH BLOCK,RAJAJI NAGAR,Bangalore North,Bangalore,Karnataka
#838,3rd Main Road 'E' Block,,Rajajinagar,Bangalore North,Bangalore,Karnataka
#23,11th main road,,Shivanagara,Bangalore North,Bangalore,Karnataka
#817,61st Cross,,Rajajinagar,Bangalore,Bangalore,Karnataka
#146,15th Cross 1st Block,,Rajajinagar,Bangalore North,Bangalore,Karnataka
OLD NO 295 NEW NO 6/1,66TH CROSS,NEAR MURUGA TEMPLE,RAJAJINAGAR 5TH BLOCK,Bangalore,Bangalore,Karnataka
"986,1st Floor",4th Main Road D Block 2nd Stage,Near Citizen Co-operative Bank,Rajajinagar,Bangalore North,Bangalore,Karnataka
298,4th c main 2nd block,,basaveshwar nagar,Bangalore,Bangalore,Karnataka
#4,33rd Cross 2nd Block,,Jooganahalli,Bangalore,Bangalore,Karnataka
#381,"61th Cross,10th Main Road",Gavi Mutt,"5th Block,Bhuvaneshwari Nagar  Rajaji Nagar",Bangalore North,Bangalore,Karnataka
#738/1,58th Cross 4th Block,,Rajajinagar,Bangalore,Bangalore,Karnataka
NULL,NULL,NULL,Rajajinagar,Bangalore,Bangalore,Karnataka
#C11,Police Qutress,,Rajaji Nagar,Bangalore,Bangalore,Karnataka
#33/A,20th a main road,,Rajajinagar,Bangalore,Bangalore,Karnataka
"#371, AVE MARIA","1st STAGE, 2ND PHASE, WEST OF CHORD ROAD",,"MANJUNATHA NAGAR,",Bangalore North,Bangalore,Karnataka
No 185-B,56th Cross 6th Main 4th Block,Near Ram Mandir,Rajajinagar,Bangalore,Bangalore,Karnataka
136,4th Cross 1st N Block,,Rajajinagar,Bangalore North,Bangalore,Karnataka
# C 97,1 ST MAIN ROAD 1 ST CROSS ROBERTSON BLOCK,,RAMACHANDRA PURAM,Bangalore North,Bangalore,Karnataka
#98 B,23rd Cross 2nd Block,,Rajajinagar,Bangalore,Bangalore,Karnataka
#8/51,12th A Cross  estat 6th Block,,Rajajinagar,Bangalore,Bangalore,Karnataka
#437,20th Main 1st Block,Metro Station service Road,Rajajinagar,Bangalore North,Bangalore,Karnataka
#387/A,10th Cross  1st Phase 3rd Stage,,Manjunathanagar,Bangalore,Bangalore,Karnataka
27,3rd Cross K B Temple Road,,6th Block Rajajinagar,Bangalore,Bangalore,Karnataka
#817,1st Cross 5th Block,,Rajaji Nagar,Bangalore,Bangalore,Karnataka
#5/1,5th Cross 3rd Main Road,Near St. Anns School,Rajajinagar,Bangalore,Bangalore,Karnataka
#358/A,"6th Main, 3rd Phase",Beside Pushpanjali Theatre,Manjunath Nagar,Bangalore,Bangalore,Karnataka
#251/G,3rd Stage 1st Block,Near Modi hospital,Manjunathanagara,Bangalore,Bangalore,Karnataka
15-Jan,13th Cross 1st K Block,,Rajajinagar,Bangalore,Bangalore,Karnataka
,,Near Indian Bank,Rajajinagar,Bangalore North,Bangalore,Karnataka
No 62/70,Dr.Rajkumar Road,,Rajajinagar,Bangalore,Bangalore,Karnataka
#169/A,11th Main 3rd Phase Manjunath Nagar,Near Rasna English Svhool,Rajajinagar,Bangalore,Bangalore,Karnataka
#2678/A,11th Main Road,,D  Block  2nd Stage Rajajinagar,Bangalore North,Bangalore,Karnataka
#3288,5th Cross C Block,,Gayathri Nagar 2nd Stage Rajaji Nagar,Bangalore,Bangalore,Karnataka
6 Y,"51 st CROSS,16 th MAIN,",,RAJAJINAGAR 3RD BLOCK,Bangalore,Bangalore,Karnataka
# 21,"2ND MAIN, 1ST STAGE, 1ST PHASE",,MANJUNATHA NAGAR,Bangalore,Bangalore,Karnataka
NULL,K B Temple Road,NULL,NULL,Bangalore,Bangalore,Karnataka
#110,"6th Main, 7th Cross, Industrial Town",,Mahaganapathi Nagar,Bangalore,Bangalore,Karnataka
#2003,7th Main D Block,,"2nd Stage, Rajaji Nagar",Bangalore North,Bangalore,Karnataka
"#8th Main,D Block",,,2nd Stage Rajaji Nagar,Bangalore,Bangalore,Karnataka
#2805/12-1,"1st Cross, D Block",Near Durga Medical Store,"2nd Stage, Rajajinagar",Bangalore,Bangalore,Karnataka
#927 34/1,8th Main Road,,Prakash Nagar,Bangalore,Bangalore,Karnataka
#8/3,3rd Cross,,4th Block Rajajinagar,Bangalore,Bangalore,Karnataka
#61,2nd cross 4th main,M K Compound,Agrahara Dasarahalli,Bangalore,Bangalore,Karnataka
"#20B, New M I G","2nd stage, 6th main",,"K H B colony, Basaveshwaranagar",Bangalore,Bangalore,Karnataka
#912,2nd cross 6th block,,rajaji nagar,Bangalore,Bangalore,Karnataka
#1418/A,5th Main Road,,D Block 2nd stage Rajajinagar,Bangalore North,Bangalore,Karnataka
#1584,B Block,,Sahakaranagar,Bangalore,Bangalore,Karnataka
#3260,4th Cross C Block 2nd stage,Near bus Stand,Gayathri nagar,Bangalore,Bangalore,Karnataka
#222,"53rd B Cross,17th D Main,3rd Block",,"Rajajinagar,",Bangalore North,Bangalore,Karnataka
#208,"4th Main, 2nd Phase",,Manjunatha Nagar,Bangalore,Bangalore,Karnataka
#36,Chamundeshwari Nagar 5 th Block  6 th Cross,near Star bajar,Rajaji Nagar,Bangalore North,Bangalore,Karnataka
,,venkateshwara factory,ramachandrapuram,Bangalore,Bangalore,Karnataka
"#2,","2nd Main Road,72nd Cross,5th Block,",,"Rajajinagar,",Bangalore North,Bangalore,Karnataka
"139/9,","8th Main,8th Cross,Shivanagar,",,"Rajajinagar,",Bangalore North,Bangalore,Karnataka
#2807 Amruthavarsha,"12th Main, D Block, 2nd Stage",Mariyappana palya,Rajajinagar,Bangalore North,Bangalore,Karnataka
#1205,"18th A Main,5th Block",,Rajajinagar,Bangalore North,Bangalore,Karnataka
#24/7,"5th Main,Shivanagar",,Rajajinagar,Bangalore North,Bangalore,Karnataka
#246/A,"1st A Main,Shivanagar",,Rajajinagar,Bangalore North,Bangalore,Karnataka
#933,2nd Mainroad 4th Block,,Rajajinagar,Bangalore,Bangalore,Karnataka
#1277,"6th Main, A Block",,"Rajajinagar 2nd Stage,Subramanya Nagar",Bangalore North,Bangalore,Karnataka
#713,"2nd Main, D Block",Near DCB Bank,"2nd Stage, Rajajinagar",Bangalore North,Bangalore,Karnataka
#1369,5th Main,,"E Block, 2nd Stage, Rajajinagar",Bangalore North,Bangalore,Karnataka
#3158,14th Cross,,Gayatrinagar,Bangalore,Bangalore,Karnataka
"#18/1,","8th B Main Road,3rd Stage,1st Block,",,"Manunatha Nagar,",Bangalore North,Bangalore,Karnataka
#128,"7th main road ,1st stage 6th phase",ambedkar stadium,"maha ganapathi nagar , rajaji nagar",Bangalore North,Bangalore,Karnataka
67/B,30th Cross 2nd Block,Behind R T O,RajajiNagar,Bangalore,Bangalore,Karnataka
# 458,"5th main 10th cross, mahaganapathi nagara",,Rajajinagar,Bangalore North,Bangalore,Karnataka
#1367,9th main,,vijaynagar,Bangalore,Bangalore,Karnataka
#56,9th Main Road 1st Block 2nd Stage,,Manjunath Nagar,Bangalore,Bangalore,Karnataka
#3985,"2nd A Cross,B Block,",Subramanya Nagar,Rajajinagar 2nd Block,Bangalore,Bangalore,Karnataka
#235,7th C main road 3rd stage 2nd block,,saniguruvana halli,Bangalore,Bangalore,Karnataka
#696,2nd Main Road,Near Navarang Theater,Rajajinagar  D Block  Gayathri nagar 2nd stage,Bangalore North,Bangalore,Karnataka
#228,"13th Main, Tank Band Road",,Subramanya Nagar,Bangalore North,Bangalore,Karnataka
#2691,11th Main Road,,"D Block, 2nd Stage, Rajajinagar",Bangalore North,Bangalore,Karnataka
107/A,46TH CROSS,,RAJAJI NAGAR,Bangalore North,Bangalore,Karnataka
#2703,"11th Main,D Block",Near Gayathri Park,2nd Stage Rajajinagar,Bangalore,Bangalore,Karnataka
#3497/15,"6th A Cross,C Block",,2nd Stage Rajajinagar,Bangalore,Bangalore,Karnataka
#2830,"12th Main, D Block",,"2nd Rajaji Nagar, Rajaji Nagar",Bangalore North,Bangalore,Karnataka
#590,3rd Main Road,,A Block 2nd Stage Rajajinagar,Bangalore North,Bangalore,Karnataka
#536,47th Main Road 4th Block,Near Maseedi,Rajajinagar,Bangalore,Bangalore,Karnataka
"# 3130, Highpoint-3",,,45 Palaca road,Bangalore North,Bangalore,Karnataka
"# 3130, Highpoint-3",,,45 Palaca road,Bangalore North,Bangalore,Karnataka
NO 2 A BLOCK,INCOME TAX COLONY,,NO 2 INFANTRY ROAD,Bangalore,Bangalore,Karnataka
#5,A STREET,NEAR INDIAN SWEETS,SHIVAJI NAGAR,Bangalore,Bangalore,Karnataka
# 2093 HIGH POINT-2,PALACE ROAD,HIGH POINT,HIGH GROUNDS,Bangalore,Bangalore,Karnataka
#704,Cunningham Crecent Road,,vasantha nagar,Bangalore North,Bangalore,Karnataka
124,COMMERCIAL STREET,OPPOSITE TO POLICE STATION,SHIVAJI NAGAR,Bangalore,Bangalore,Karnataka
#29.Prathiksha,Syankey Road Croos,Behind Hotel Vindsor Manor,"Abshot Layout, Syankey Road Cross",Bangalore Central,Bangalore,Karnataka
,Special Sub-DVN,P W D High court,P W D High court,Bangalore North,Bangalore,Karnataka
51/2,C T STREET 7TH CROSS,,VASANTH NAGAR,Bangalore,Bangalore,Karnataka
126 1st floor,SEPPING ROAD,,NEHRU PURAM,Bangalore,Bangalore,Karnataka
FLAT 1 D CHARLES COURT APARTMENT,12 REST HOUSE ROAD,,REST HOUSE ROAD,Bangalore,Bangalore,Karnataka
#264,Narayan Pillai Street,,Shivaji Nagara,Bangalore city,Bangalore,Karnataka
96/1,3rd cross lavelle road,NEAR ST JOSEPH INDIAN HIGH SCHOOL,,Bangalore,Bangalore,Karnataka
#28 Q NO,4TH STREET,,MACKAN ROAD CROSS,Bangalore,Bangalore,Karnataka
#21 Q NO,4TH STREET 2ND CROSS,,BHARATHI NAGAR,Bangalore,Bangalore,Karnataka
67/63,16 TH CROSS,OPP NIMAHANS,LAKKASANDRA,Bangalore,Bangalore,Karnataka
#58/3,"Muneshwara 1st Block,  1st Main , 2nd Cross,",,"Mattadahalli, Jayamahal , R T nagar Post,",Bangalore North,Bangalore,Karnataka
# 12 1ST FLOOR,B STREET,,BHARATI NAGAR,Bangalore,Bangalore,Karnataka
21,"U V C E BOYS HOSTEL,CITY CAMPUS,",NEAR CIVIL COURT,K R CIRCLE,Bangalore North,Bangalore,Karnataka
#Flat no 3 Shiv Darashan Appartment,Infantry Road,,Infantry Road,Bangalore North,Bangalore,Karnataka
51/2,C T STREET 7TH CROSS,,VASANTH NAGAR,Bangalore,Bangalore,Karnataka
# 121,SEPPINGS ROAD,,NEHRU PURAM,Bangalore,Bangalore,Karnataka
# 35,2ND CROSS B COOKS ROAD,,THIMMAIAH ROAD CROSS,Bangalore,Bangalore,Karnataka
# 26,LAKSHMAN MUDALIAR STREET,,COMMERICAL STREET,Bangalore,Bangalore,Karnataka
# 22,BHARATHI NAGAR D STREET,,SHIVAJI NAGAR,Bangalore,Bangalore,Karnataka
# 56 2ND FLOOR,BOWRING HOSPITAL ROAD,CHARCHAND MANZIL,SHIVAJI NAGAR,Bangalore,Bangalore,Karnataka
NO 18,VELU MUDLIAR ROAD,,SHIVAJINAGAR,Bangalore,Bangalore,Karnataka
# 65,12TH CROSS,,VASANTH NAGAR,Bangalore,Bangalore,Karnataka
# 65,12TH CROSS,,VASANTH NAGAR,Bangalore,Bangalore,Karnataka
# 155/2,NARAYANA PILLAI STREET,,BHARTHI NAGAR,Bangalore,Bangalore,Karnataka
# 601 HOYSALA APARTMENT,16/2 MILLER TANK BUND ROAD,,VASANTHNAGAR,Bangalore,Bangalore,Karnataka
# 15/30,7th Cross,,"Someshwaranagar, Tank Garden, Jayanagar 1st Block",Bangalore,Bangalore,Karnataka
room no 2 gate no 3,kasturabha road,,sree kanteerava stadium,Bangalore North,Bangalore,Karnataka
#17,Brad Shaw Street,Near Madini school,Nehrupuram,Bangalore central,Bangalore,Karnataka
#9/1,10TH CROSS VASANTHNAGAR,,SHIVAJINAGAR,Bangalore,Bangalore,Karnataka
#25,S # 4TH STREET SEPPINGS ROAD,,BHARATHI NAGAR,Bangalore,Bangalore,Karnataka
"5th Floor,  M S Building",,,"dr Ambedkar Veedi , K R Circle",Bangalore North,Bangalore,Karnataka
#264,S L N  abharan,G R R kalyanamantapa,narayana pillai street,Bangalore North,Bangalore,Karnataka
#282,,Opp.Makka Masjid,"Nehru puram,Bharthi nagar",Bangalore North,Bangalore,Karnataka
#780,3rd Main 5th Cross,,prakash Nagar,Bangalore,Bangalore,Karnataka
#26,V N R Road,,Madhava nagar,Bangalore North,Bangalore,Karnataka
#36,Hains Road Cross,,Nehru Puram,Bangalore,Bangalore,Karnataka
,,"#154, Thimmaiah Road",Bharathinagara,Bangalore,Bangalore,Karnataka
# 96,Mackan Road,Near Coles Park,Bharathi Nagar,Bangalore,Bangalore,Karnataka
#15/1,Seppings Road,,Shivaji nagar,Bangalore,Bangalore,Karnataka
# 23,Clarks Pet C Street,Dr Venkatraman Street,Kamaraja Road Cross,Bangalore,Bangalore,Karnataka
# 12,L NO 2ND STREET,,LABBAY MASJID STREET SHIVAJI NAGAR,Bangalore,Bangalore,Karnataka
#169/J,,,"Railway Qrts, New Railway Colony,",Bangalore,Bangalore,Karnataka
,,,palace road,Bangalore North,Bangalore,Karnataka
FLAT NO 8 2ND FLOOR AISHWARYA APTS,,OFF BRIGADE ROAD,,Bangalore,Bangalore,Karnataka
#13,3RD MAIN ROAD,NEAR KODAVA SAMAJA,VASANTH NAGAR EAST,Bangalore,Bangalore,Karnataka
# 65,12TH CROSS 8TH MAIN ROAD,NULL,VASANTH NAGAR,Bangalore,Bangalore,Karnataka
# 4,T NO 1ST STREET,,ARUNACHALAM MUDALLIAR ROAD SHIVAJI NAGAR,Bangalore,Bangalore,Karnataka
#7 KUMARA KRUPA GUEST HOUSE QTRS,HIGH GROUNDS SHIVANANDA CIRCLE,,,Bangalore,Bangalore,Karnataka
Karnataka Information Commission M S Building,"Dr, Ambedkar Vidhi",,,Bangalore North,Bangalore,Karnataka
Karnataka Information Commission M S Building,"Dr, Ambedkar Vidhi",,,Bangalore North,Bangalore,Karnataka
#13/1 BRADSHAW STREET,,"NEHRU PURAM,Bharathi Nagar",,Bangalore North,Bangalore,Karnataka
,,,,Bangalore North,Bangalore,Karnataka
#29,,,Krishnappa Layout Lingarajapura,Bangalore North,Bangalore,Karnataka
,"7 th cross,old post office Road,",near chicken market.,,Bangalore North,Bangalore,Karnataka
# 36 K C N Mansion,Yamuna Bai Road,Behind Hotel Solitaire,"E Block, 2nd Stage, Rajajinagar",Bangalore North,Bangalore,Karnataka
#11,Cresent Road,Near shivananda Circle,"E Block, 2nd Stage, Rajajinagar",Bangalore North,Bangalore,Karnataka
NO 4,"K NO 3RD STREET, NARAYANA PILLAI STREET CROSS",NULL,"E Block, 2nd Stage, Rajajinagar",Bangalore North,Bangalore,Karnataka
NO 4,"K NO 3RD STREET, NARAYANA PILLAI STREET CROSS",NULL,"E Block, 2nd Stage, Rajajinagar",Bangalore North,Bangalore,Karnataka
"#105, Garden Apartment",Vittal Malaya Road,Near UB City,"E Block, 2nd Stage, Rajajinagar",Bangalore North,Bangalore,Karnataka
#22/1,Millers Tank Bund road,Near Jain Hospital,"E Block, 2nd Stage, Rajajinagar",Bangalore North,Bangalore,Karnataka
NO 79,5TH MAIN ROAD 10TH CROSS,NULL,"E Block, 2nd Stage, Rajajinagar",Bangalore North,Bangalore,Karnataka
NO 79,5TH MAIN ROAD 10TH CROSS,NULL,"E Block, 2nd Stage, Rajajinagar",Bangalore North,Bangalore,Karnataka
# 124/41,Narayana pillai street,Opp Old post office,"E Block, 2nd Stage, Rajajinagar",Bangalore North,Bangalore,Karnataka
124/1,NULL,NULL,"E Block, 2nd Stage, Rajajinagar",Bangalore North,Bangalore,Karnataka
#31,bharthi nagar B street,nera poorhouse hospital,"E Block, 2nd Stage, Rajajinagar",Bangalore North,Bangalore,Karnataka
#20,2nd Cross Sulthan Nagar,Near Vallullah School,"E Block, 2nd Stage, Rajajinagar",Bangalore North,Bangalore,Karnataka
#204 Sambhavnath Appartment,Jain Temple Street,NULL,"E Block, 2nd Stage, Rajajinagar",Bangalore North,Bangalore,Karnataka
#38 / 1,Armstrong Road,NULL,"E Block, 2nd Stage, Rajajinagar",Bangalore North,Bangalore,Karnataka
NO 205,"45/1,PALACE ROAD",NEAR CHALUKYA HOTEL,"E Block, 2nd Stage, Rajajinagar",Bangalore North,Bangalore,Karnataka
SHESHADRI ROAD,MAHARANI SEIENCE COLLEGE  HOSTEL WARDAN QUARTERS,"OPP, FREE DOM PARK","E Block, 2nd Stage, Rajajinagar",Bangalore North,Bangalore,Karnataka
SHESHADRI ROAD,MAHARANI SEIENCE COLLEGE  HOSTEL WARDAN QUARTERS,"OPP, FREE DOM PARK","E Block, 2nd Stage, Rajajinagar",Bangalore North,Bangalore,Karnataka
#07,2nd Cross 8th Main,Near Mount Carmel College,"E Block, 2nd Stage, Rajajinagar",Bangalore North,Bangalore,Karnataka
#62/2,11th A Main Road,NULL,"E Block, 2nd Stage, Rajajinagar",Bangalore North,Bangalore,Karnataka
NO 4,R NO 2ND STREET,BEHIND OM SHAKTI TEMPLE,"E Block, 2nd Stage, Rajajinagar",Bangalore North,Bangalore,Karnataka
NO:15,MUTHYALAMMA TEMPLE H CROSS,NEAR MUTHYALAMMA TEMPLE,"E Block, 2nd Stage, Rajajinagar",Bangalore North,Bangalore,Karnataka
"#35,5/1",SOUTH END STREET,,"E Block, 2nd Stage, Rajajinagar",Bangalore North,Bangalore,Karnataka
NO:15,MUTHYALAMMA TEMPLE H CROSS,NEAR MUTHYALAMMA TEMPLE,"E Block, 2nd Stage, Rajajinagar",Bangalore North,Bangalore,Karnataka
NO 15,MUTHYALAMMA TEMPLE H CROSS,NEAR MUTHYALAMMA TEMPLE,"E Block, 2nd Stage, Rajajinagar",Bangalore North,Bangalore,Karnataka
# Embassy Habitat Apartment,6 A Cunningham Road,Near Mount Carmel College,"E Block, 2nd Stage, Rajajinagar",Bangalore North,Bangalore,Karnataka
# 5,"Q No 4th Street, 2nd Cross",Thimmaiah Road,"E Block, 2nd Stage, Rajajinagar",Bangalore North,Bangalore,Karnataka
NO 15,MUTHYALAMMA TEMPLE H CROSS,NEAR MUTHYALAMMA TEMPLE,"E Block, 2nd Stage, Rajajinagar",Bangalore North,Bangalore,Karnataka
# 1,B Street Mackan Road,NULL,"E Block, 2nd Stage, Rajajinagar",Bangalore North,Bangalore,Karnataka
NO.10,"S.NO 3RD STREET, SEPPINGS ROAD CROSS",NEAR OM SHAKTHI TEMPLE,VASANTH NAGAR,Bangalore North,Bangalore,Karnataka
NO.10,"S.NO 3RD STREET, SEPPINGS ROAD CROSS",NEAR OM SHAKTHI TEMPLE,VASANTH NAGAR,Bangalore North,Bangalore,Karnataka
NO 26/1,LAKSHMANA MADALIAR STREET,NEAR SHIVAJINAGAR,VASANTH NAGAR,Bangalore North,Bangalore,Karnataka
B-03. V M'S APARTMENT,"123/1, INFANTRY ROAD",OPP VIJAYA BANK,VASANTH NAGAR,Bangalore North,Bangalore,Karnataka
11-Jan,mamundi pillai street,NULL,VASANTH NAGAR,Bangalore North,Bangalore,Karnataka
"#12, COD Qtrs",Carltan House,NULL,VASANTH NAGAR,Bangalore North,Bangalore,Karnataka
#19,"6th Cross Road, 7th Main Road",NULL,VASANTH NAGAR,Bangalore North,Bangalore,Karnataka
NULL,NULL,NULL,VASANTH NAGAR,Bangalore North,Bangalore,Karnataka
#A-17,R B I Officers Quarters,Near Mount Carmel College,VASANTH NAGAR,Bangalore North,Bangalore,Karnataka
"B-2, Chandana Apartments","82, Infantry Road",NULL,VASANTH NAGAR,Bangalore North,Bangalore,Karnataka
#06,"10th Street, K Kamaraj Road",,VASANTH NAGAR,Bangalore North,Bangalore,Karnataka
"A-8,",IN COME TAX COLONY,"NO-2 , INFANTRY ROAD",VASANTH NAGAR,Bangalore North,Bangalore,Karnataka
#27/8,"Cubbon Road, Union Steel Cross",,VASANTH NAGAR,Bangalore North,Bangalore,Karnataka
124/1,Narayana Pillai Street,Opp Post office,VASANTH NAGAR,Bangalore North,Bangalore,Karnataka
SHESHADRI ROAD,MAHARANI SEIENCE COLLEGE  HOSTEL WARDAN QUARTERS,"OPP, FREE DOM PARK",VASANTH NAGAR,Bangalore North,Bangalore,Karnataka
17-Jun,Muruga Pillai Street,Opposite to Arunachalam Choultry,VASANTH NAGAR,Bangalore North,Bangalore,Karnataka
NULL,NULL,NULL,VASANTH NAGAR,Bangalore North,Bangalore,Karnataka
NO:4,R NO 2ND STREET,BEHIND OM SAKTHI TEMPLE,VASANTH NAGAR,Bangalore North,Bangalore,Karnataka
#15,7th Cross,,VASANTH NAGAR,Bangalore North,Bangalore,Karnataka
#53(old32),yamuna bai Road 1st cross,near race course,VASANTH NAGAR,Bangalore North,Bangalore,Karnataka
"42,REST HOUSE APARTMENT",14,,VASANTH NAGAR,Bangalore North,Bangalore,Karnataka
"#42,REST HOUSE APARTMENT",14,,VASANTH NAGAR,Bangalore North,Bangalore,Karnataka
No 10 Kamal Nivas,Crescent Cross Road,Srikantiah Layout,VASANTH NAGAR,Bangalore North,Bangalore,Karnataka
No 06,10th Street,Kamaraja Road,VASANTH NAGAR,Bangalore North,Bangalore,Karnataka
No 06,10th Street,Kamaraja Road,VASANTH NAGAR,Bangalore North,Bangalore,Karnataka
No 13,14th Main Road,Manooth Towers,VASANTH NAGAR,Bangalore North,Bangalore,Karnataka
"1/4,marshal cariappa colony",cubbon road,near manipal centre,VASANTH NAGAR,Bangalore North,Bangalore,Karnataka
No 99,Seppings Road,Near Colse Park,VASANTH NAGAR,Bangalore North,Bangalore,Karnataka
No 99,Seppings Road,Near Colse Park,VASANTH NAGAR,Bangalore North,Bangalore,Karnataka
2b Ajantha Apartments,24 Lavelle Road,Near Bangalor Club,VASANTH NAGAR,Bangalore North,Bangalore,Karnataka
No 22,Thimmaiah Road C Cross Street,Near Memorial Park,VASANTH NAGAR,Bangalore North,Bangalore,Karnataka
2b Ajantha Apartments,24 Lavelle Road,Near Bangalor Club,VASANTH NAGAR,Bangalore North,Bangalore,Karnataka
No 22,Thimmaiah Road C Cross Street,Near Memorial Park,VASANTH NAGAR,Bangalore North,Bangalore,Karnataka
2b Ajantha Apartments,24 Lavelle Road,Near Bangalore Club,VASANTH NAGAR,Bangalore North,Bangalore,Karnataka
2b Ajantha Apartments,24 Lavelle Road,Near Bangalore Club,VASANTH NAGAR,Bangalore North,Bangalore,Karnataka
#4,1st Cross Ebrahim Sahib Street,Behind Lababin Masjid,VASANTH NAGAR,Bangalore North,Bangalore,Karnataka
#27,Old Police Lane C Street Mackan Road,NULL,VASANTH NAGAR,Bangalore North,Bangalore,Karnataka
#27,Old Police Lane C Street Mackan Road,NULL,VASANTH NAGAR,Bangalore North,Bangalore,Karnataka
#27,Old Police Lane Mackan Road C Street,NULL,VASANTH NAGAR,Bangalore North,Bangalore,Karnataka
26/1 1st Cross,"E Street,bharathinagar",Thimmaiah Road,VASANTH NAGAR,Bangalore North,Bangalore,Karnataka
"No.d-15, Kamala Mansion","Queens Road Cross, Connaught Road",Kamala Bai School,VASANTH NAGAR,Bangalore North,Bangalore,Karnataka
No 4/1,Crescent Road,High Grounds,VASANTH NAGAR,Bangalore North,Bangalore,Karnataka
No 4/1 Crescent Road,,High Grounds,VASANTH NAGAR,Bangalore North,Bangalore,Karnataka
"#1/9, F M C C",Cubbon Road,Opp Manipal Center,VASANTH NAGAR,Bangalore North,Bangalore,Karnataka
No.4/1,Crescent Road,Opposite Golf Course,VASANTH NAGAR,Bangalore North,Bangalore,Karnataka
No.4/1,Crescent Road,Opposite Golf Course,VASANTH NAGAR,Bangalore North,Bangalore,Karnataka
"1022, Embassy Habitat",No.59 Palace Road,Beside Mount Carmel College,VASANTH NAGAR,Bangalore North,Bangalore,Karnataka
"1022, Embassy Habitat",No.59 Palace Road,Beside Mount Carmel College,VASANTH NAGAR,Bangalore North,Bangalore,Karnataka
No.1022 'embassy Habitat',No.59 Palace Road,Beside Mount Carmel College,VASANTH NAGAR,Bangalore North,Bangalore,Karnataka
#141,Shivaji Road,NULL,VASANTH NAGAR,Bangalore North,Bangalore,Karnataka
20,kumar cot layout,madhavnagar near canara bank,VASANTH NAGAR,Bangalore North,Bangalore,Karnataka
"No 24 , Malhotra Nivas",Vishwanath Rao Road,Madhav Nagar,VASANTH NAGAR,Bangalore North,Bangalore,Karnataka
"No.3, Annapoorna",Kumara Cot Layout,Behind Janardhana Hotel,VASANTH NAGAR,Bangalore North,Bangalore,Karnataka
#17 2nd floor,Matman lane,Veerapillai Street Cross,VASANTH NAGAR,Bangalore North,Bangalore,Karnataka
#341,2nd Street Shivan Chatti Garden,Near Shree Complex,VASANTH NAGAR,Bangalore North,Bangalore,Karnataka
No. 53/54,Palace Road,Mount Carmel College,VASANTH NAGAR,Bangalore North,Bangalore,Karnataka
No 4/1,Crescent Road,High Grounds,VASANTH NAGAR,Bangalore North,Bangalore,Karnataka
No.4/1,Crescent Road,Opposite Golf Course,VASANTH NAGAR,Bangalore North,Bangalore,Karnataka
No.15,7th Cross,Near Corporation Market,VASANTH NAGAR,Bangalore North,Bangalore,Karnataka
#16,K 5th Street,Seppings Road Cross,VASANTH NAGAR,Bangalore North,Bangalore,Karnataka
,,,VASANTH NAGAR,Bangalore North,Bangalore,Karnataka
No.15,7th Cross,Near Corporation Market,VASANTH NAGAR,Bangalore North,Bangalore,Karnataka
"#17,2nd Floor",,,VASANTH NAGAR,Bangalore North,Bangalore,Karnataka
"247/1, Nawab Manzil",Near Makah Masjid,Near Makkah Masjid,VASANTH NAGAR,Bangalore North,Bangalore,Karnataka
"No.263, Old No.33",Near Makkah Masjid,Near Makkah Masjid,VASANTH NAGAR,Bangalore North,Bangalore,Karnataka
No 62/1,Chikkathayappa Road,7th Cross,VASANTH NAGAR,Bangalore North,Bangalore,Karnataka
No.4,R. No.2nd Street,Behind Om Sakthi Temple,VASANTH NAGAR,Bangalore North,Bangalore,Karnataka
# 11,Seppings Road Cross,NULL,VASANTH NAGAR,Bangalore North,Bangalore,Karnataka
No.22/1,Miller Tank Bund,Jain Hospital,VASANTH NAGAR,Bangalore North,Bangalore,Karnataka
# 18,St Marks Road,Near Southam and Company,VASANTH NAGAR,Bangalore North,Bangalore,Karnataka
#64,1st Floor,Armstrong Road,VASANTH NAGAR,Bangalore North,Bangalore,Karnataka
NO 16,7TH CROSS CHIKKATTAYAPPA ROAD,NULL,VASANTH NAGAR,Bangalore North,Bangalore,Karnataka
#48,Kasturiba Road,NULL,VASANTH NAGAR,Bangalore North,Bangalore,Karnataka
"No.10, Cassuriana Street",Thimmaiah Road Cross,Padmini Agarpathy Factory Road,VASANTH NAGAR,Bangalore North,Bangalore,Karnataka
145,8th Main Road,Near Tandoori Nites,VASANTH NAGAR,Bangalore North,Bangalore,Karnataka
#49 2nd Floor Khanijabhavan,Race Course Road,Behind R C College,VASANTH NAGAR,Bangalore North,Bangalore,Karnataka
#95 2nd Floor,Armstrong Road,NULL,VASANTH NAGAR,Bangalore North,Bangalore,Karnataka
No 21/1,Thoppa Madaliar Street,,VASANTH NAGAR,Bangalore North,Bangalore,Karnataka
"#29, MUKUNDA NILAYA",MADHURA GARMENTES,Behind Tejus bekari,VASANTH NAGAR,Bangalore North,Bangalore,Karnataka
No.4/1,Crescent Road,Opposite Golf Course High Grounds,VASANTH NAGAR,Bangalore North,Bangalore,Karnataka
No 96 Loyola Mandir,"Lavelle Road, 3rd Cross",,VASANTH NAGAR,Bangalore North,Bangalore,Karnataka
# 82,"P M 3rd Street, Mackan Compound",NULL,VASANTH NAGAR,Bangalore North,Bangalore,Karnataka
44,7th Main,,VASANTH NAGAR,Bangalore North,Bangalore,Karnataka
#8,Memorial Street,NULL,VASANTH NAGAR,Bangalore North,Bangalore,Karnataka
#66,Makkah Masjid Street,NULL,VASANTH NAGAR,Bangalore North,Bangalore,Karnataka
Flat No 1203 Embassy Habitat,59 Palace Road Hig Grounds Post,Next To Mount Carmel College,VASANTH NAGAR,Bangalore North,Bangalore,Karnataka
"No.1103, High Point-1",10th Floor,,VASANTH NAGAR,Bangalore North,Bangalore,Karnataka
No 11,"P No 3rd Street , Arms Tong Road",Baidwadi Masjid,Bharathi Nagar,Bangalore North,Bangalore,Karnataka
Shanmuga rayan street,,,Bharathi Nagar,Chennai G.P.O.,Chennai,Tamil Nadu
Perumal Muthali Street,,Kondithape,Bharathi Nagar,Chennai G.P.O.,Chennai,Tamil Nadu
,,19 Kutti Street Seven Wells,Bharathi Nagar,Chennai G.P.O.,Chennai,Tamil Nadu
HABIBULLAH ROAD,,,Bharathi Nagar,Chennai,Chennai,Tamil Nadu
NATTU PILLAIYAR KOIL,,SOWCARPET,Bharathi Nagar,Chennai G.P.O.,Chennai,Tamil Nadu
HABIBULLA ROAD,,,Bharathi Nagar,Chennai G.P.O.,Chennai,Tamil Nadu
Saint Xavier Street,,,Bharathi Nagar,Chennai G.P.O.,Chennai,Tamil Nadu
sevenwells,,,Bharathi Nagar,Chennai G.P.O.,Chennai,Tamil Nadu
sevenwells street,,,Bharathi Nagar,chennai,Chennai,Tamil Nadu
Govindappa Naicken Street,,Parrys,Bharathi Nagar,chennai,Chennai,Tamil Nadu
Nattu Pilliar Koil Street,,,Bharathi Nagar,Chennai,Chennai,Tamil Nadu
PARISH VENKATACHALA IYER STREET,,,Bharathi Nagar,Chennai G.P.O.,Chennai,Tamil Nadu
RAGHUNAYAKULU STREET,,PARKTOWN,Bharathi Nagar,Chennai G.P.O.,Chennai,Tamil Nadu
,,,Bharathi Nagar,Chennai G.P.O.,Chennai,Tamil Nadu
,,SEVENWELLS,NULL,Chennai G.P.O.,Chennai,Tamil Nadu
RATNA MUDALI STREET,,KONDITHOPE,NULL,Chennai G.P.O.,Chennai,Tamil Nadu
ANNA PILLAI STREET,,WALLTAX ROAD,NULL,Chennai G.P.O.,Chennai,Tamil Nadu
PATTU RASAPPA STREET,OPPOSITE TO TMMS SCHOOL,SEVENWELLS,NULL,Chennai G.P.O.,Chennai,Tamil Nadu
ADHIYAPPAN STREET,,SOWCARPET,NULL,Chennai G.P.O.,Chennai,Tamil Nadu
savarimuthi street,mannady,,NULL,Chennai G.P.O.,Chennai,Tamil Nadu
MULLA SAHIB LANE,,SOWCARPET,NULL,Chennai G.P.O.,Chennai,Tamil Nadu
REDDY RAMAN STREET,,,SHIVAJINAGAR,Chennai G.P.O.,Chennai,Tamil Nadu
Sadayappan Street,,Seven Wells,SHIVAJINAGAR,Chennai G.P.O.,Chennai,Tamil Nadu
Thirumullai Voyal,Sri Nagar Colony,Thiruvallur,SHIVAJINAGAR,Chennai G.P.O.,Chennai,Tamil Nadu
Moore Street 4th Floor,,,SHIVAJINAGAR,Chennai,Chennai,Tamil Nadu
New Street,,Mannady,SHIVAJINAGAR,Chennai,Chennai,Tamil Nadu
Berrar Street,,Kodungaiyur,SHIVAJINAGAR,Chennai,Chennai,Tamil Nadu
Police Quarters,,,SHIVAJINAGAR,Chennai,Chennai,Tamil Nadu
Porchuguese Church Street,,Sevenwells,SHIVAJINAGAR,Chennai,Chennai,Tamil Nadu
Angappa Naicken Street,,,SHIVAJINAGAR,Chennai,Chennai,Tamil Nadu
Sadaiyappan Street,,,SHIVAJINAGAR,Chennai,Chennai,Tamil Nadu
Vadakku Sadarkkarai Salai,,Chidambaranar,SHIVAJINAGAR,Chennai,Chennai,Tamil Nadu
Spring Heaven Road,,,SHIVAJINAGAR,Chennai,Chennai,Tamil Nadu
Linghi Chetty Street,,,SHIVAJINAGAR,Chennai,Chennai,Tamil Nadu
,,Sowcarpet,SHIVAJINAGAR,Chennai,Chennai,Tamil Nadu
"Reserve Bank Of India, Rajaji Salai",,,SHIVAJINAGAR,Chennai G.P.O.,Chennai,Tamil Nadu
KONDITHOP CONDAL STREET,,KONDITHOPE,SHIVAJINAGAR,Chennai G.P.O.,Chennai,Tamil Nadu
MOORE STREET,,,SHIVAJINAGAR,Chennai G.P.O.,Chennai,Tamil Nadu
,,"Kachaleeswarar Agraharam, Armenian Street, 4th Floor,",NULL,Chennai G.P.O.,Chennai,Tamil Nadu
METTU STREET,,MUTHIALPET,NULL,Chennai G.P.O.,Chennai,Tamil Nadu
THAMBU CHETTY STREET,,MANNADY,NULL,Chennai G.P.O.,Chennai,Tamil Nadu
Mint Street,,,NULL,Chennai G.P.O.,Chennai,Tamil Nadu
THAMBU CHETTY STREET,,MANNADY,NULL,Chennai G.P.O.,Chennai,Tamil Nadu
KONDAL STREET,,KONDITHOPE,Agrahara Dasarahalli,Chennai G.P.O.,Chennai,Tamil Nadu
THIYAGARAYA PILLAI STREET,,,Agrahara Dasarahalli,Chennai G.P.O.,Chennai,Tamil Nadu
SALAI VINAYAGAR KOVIL STREET,,MUTHIALPET,Agrahara Dasarahalli,Chennai G.P.O.,Chennai,Tamil Nadu
LINGHI CHETTY STREET,,HARBOUR,Agrahara Dasarahalli,Chennai G.P.O.,Chennai,Tamil Nadu
LINGHI CHETTY STREET,,MANNADY,Agrahara Dasarahalli,Chennai G.P.O.,Chennai,Tamil Nadu
,,MUTHIALPET,Agrahara Dasarahalli,Chennai G.P.O.,Chennai,Tamil Nadu
LINGHI CHETTY STREET,,MANNADY,Agrahara Dasarahalli,Chennai G.P.O.,Chennai,Tamil Nadu
LINGHI CHETTY STREET,,,Agrahara Dasarahalli,Chennai G.P.O.,Chennai,Tamil Nadu
LINGHI CHETTY STREET,,MUTHIALPET,Agrahara Dasarahalli,Chennai G.P.O.,Chennai,Tamil Nadu
LINGHI CHETTY STREET,,MUTHIALPET,Agrahara Dasarahalli,Chennai G.P.O.,Chennai,Tamil Nadu
"NO 204, MINT STREET",,,Agrahara Dasarahalli,Chennai G.P.O.,Chennai,Tamil Nadu
GIRI GORI STREET,,,Agrahara Dasarahalli,Chennai G.P.O.,Chennai,Tamil Nadu
Stirincar Street,,,Agrahara Dasarahalli,Chennai G.P.O.,Chennai,Tamil Nadu
Ramakrishna Street,,,NULL,Chennai G.P.O.,Chennai,Tamil Nadu
THAMBU CHETTY STREET,,MANNADY,NULL,Chennai G.P.O.,Chennai,Tamil Nadu
Ramakrishna Street,,,NULL,Chennai G.P.O.,Chennai,Tamil Nadu
Pavalakkarai Street,,,NULL,Chennai G.P.O.,Chennai,Tamil Nadu
,,,NULL,Chennai G.P.O.,Chennai,Tamil Nadu
Pedariar koil street,Broadway theatre,NULL,NULL,Chennai G.P.O.,Chennai,Tamil Nadu
C S NAGAR,PERAMBUR BARRACKS ROAD,NULL,NULL,Chennai G.P.O.,Chennai,Tamil Nadu
Paramanantham Street,,NULL,NULL,Chennai,Chennai,Tamil Nadu
SADAYAPA MESTRY STREET,SEVENWELLS,NULL,NULL,Chennai,Chennai,Tamil Nadu
HAKKER JASON STREET,NULL,NULL,NULL,Chennai,Chennai,Tamil Nadu
NATTU PILLAIYAR KOIL STREET,NULL,NULL,NULL,Chennai,Chennai,Tamil Nadu
PORCHUKEES CHARCH STREET,SEVENWELLS,NULL,NULL,Chennai,Chennai,Tamil Nadu
PANNAIKARA ANDIYAPPAN STREET,NULL,NULL,NULL,Chennai,Chennai,Tamil Nadu
GOVINDAPPA NAICKEN STREET,SOWCARPET,NULL,NULL,Chennai,Chennai,Tamil Nadu
N. S. GARDEN STREET,MANNADY,NULL,NULL,Chennai,Chennai,Tamil Nadu
ANNA PILLAI STREET,GEORGE TOWN,NULL,NULL,Chennai,Chennai,Tamil Nadu
NATTU PILLAIYAR KOIL STREET,NULL,NULL,NULL,Chennai,Chennai,Tamil Nadu
APPASAMI STREET,NULL,NULL,NULL,Chennai,Chennai,Tamil Nadu
NATTU PILLAIYAR KOIL STREET,NULL,NULL,NULL,Chennai,Chennai,Tamil Nadu
VAIDHIYANADHAN STREET,NULL,NULL,NULL,Chennai,Chennai,Tamil Nadu
NATTU PILLAIYAR KOIL STREET,NULL,NULL,NULL,Chennai,Chennai,Tamil Nadu
MUTHUSHA STREET,NULL,NULL,NULL,Chennai,Chennai,Tamil Nadu
VAITHIYANADAN STREET,NULL,NULL,NULL,Chennai,Chennai,Tamil Nadu
2ND NARAYANAN STREET,SEVEN WELLS,NULL,NULL,Chennai,Chennai,Tamil Nadu
CORAL MERCHANT STREET,MANNADY,NULL,NULL,Chennai,Chennai,Tamil Nadu
ACHARAPPAN STREET,-,NULL,NULL,Chennai,Chennai,Tamil Nadu
S.V.KOVIL STREET,MANNADY,NULL,NULL,Chennai,Chennai,Tamil Nadu
RAMASAMI STREET,MANNADY,NULL,NULL,Chennai,Chennai,Tamil Nadu
S.V.KOVIL STREET,MANNADY,NULL,NULL,Chennai,Chennai,Tamil Nadu
VAITHIYANADAN STREET,NULL,NULL,NULL,Chennai,Chennai,Tamil Nadu
VELAUTHAM STREET,NULL,NULL,NULL,Chennai,Chennai,Tamil Nadu
PERIYANNA STREET,SEVENWELLS,NULL,NULL,Chennai,Chennai,Tamil Nadu
SEVEWELLS STREET,SEVENWELLS,NULL,NULL,Chennai,Chennai,Tamil Nadu
MOOTTAIKARAN STREET,NULL,NULL,NULL,Chennai,Chennai,Tamil Nadu
VARADIER STREET,SEVEN WELLS,NULL,NULL,Chennai,Chennai,Tamil Nadu
muthumari street,CHENNAI,NULL,NULL,Chennai,Chennai,Tamil Nadu
PERIANNAN STREET,SEVENWELLS,NULL,NULL,Chennai,Chennai,Tamil Nadu
BUNDER STREET,NULL,NULL,NULL,Chennai,Chennai,Tamil Nadu
KASI CHETTY STREET,SOWCARPET,NULL,NULL,Chennai,Chennai,Tamil Nadu
SADAIYAPPAN STREET,SEVENWELLS,NULL,NULL,Chennai,Chennai,Tamil Nadu
PERIYANNAN STREET,SEVENWELLS,NULL,NULL,Chennai,Chennai,Tamil Nadu
Vardiar Street,Seven Wells,NULL,NULL,Chennai,Chennai,Tamil Nadu
MANNADY STREET 4th FLOOR,MANNADY,NULL,NULL,Chennai,Chennai,Tamil Nadu
Mangammal Lane,Seven Wells,NULL,NULL,Chennai,Chennai,Tamil Nadu
NARAYAANA SARANG STREET,NULL,NULL,NULL,Chennai,Chennai,Tamil Nadu
NAINIYAPPAN STREET,NULL,NULL,NULL,Chennai,Chennai,Tamil Nadu
K K D NAGAR,KODUNGAIYUR,NULL,"maha ganapathi nagar , rajaji nagar",Chennai,Chennai,Tamil Nadu
BARRACKS STREET,SEVEN WELLS,NULL,"maha ganapathi nagar , rajaji nagar",Chennai,Chennai,Tamil Nadu
NAINIYAPPAN STREET,MANNADY,NULL,"maha ganapathi nagar , rajaji nagar",Chennai,Chennai,Tamil Nadu
PERIYANNA MUDALI STREET,SEVENWELLS,NULL,"maha ganapathi nagar , rajaji nagar",Chennai,Chennai,Tamil Nadu
PORTUGEUSE CHURCH STREET,SEVEN WELLS,NULL,"maha ganapathi nagar , rajaji nagar",Chennai,Chennai,Tamil Nadu
VEERASAMI STREET,SEVEN WELLS,NULL,"maha ganapathi nagar , rajaji nagar",Chennai,Chennai,Tamil Nadu
MUTTHIYALPET,MANNADY,NULL,"maha ganapathi nagar , rajaji nagar",Chennai,Chennai,Tamil Nadu
ANAIKKARA STREET,SEVEN WELLS CITY,NULL,"maha ganapathi nagar , rajaji nagar",Chennai,Chennai,Tamil Nadu
PALAIYAPPAN STREET,SEVENWELL,NULL,"maha ganapathi nagar , rajaji nagar",Chennai,Chennai,Tamil Nadu
PERIYANNA STREET,SEVENWELLS,NULL,"maha ganapathi nagar , rajaji nagar",Chennai,Chennai,Tamil Nadu
PARAMANANDAM STREET,SEVEN WELLS,NULL,"maha ganapathi nagar , rajaji nagar",Chennai,Chennai,Tamil Nadu
VARADIER STREET,SEVEN WELLS,NULL,"maha ganapathi nagar , rajaji nagar",Chennai,Chennai,Tamil Nadu
ACHARAPPAN STREET,-,NULL,"maha ganapathi nagar , rajaji nagar",Chennai,Chennai,Tamil Nadu
THATHA MUTHIAPPAN STREET,NULL,NULL,"maha ganapathi nagar , rajaji nagar",Chennai,Chennai,Tamil Nadu
SULTHAN STREET,mannady,NULL,NULL,Chennai,Chennai,Tamil Nadu
PORTUGUESE STREET,SEVENWELLS,NULL,NULL,Chennai,Chennai,Tamil Nadu
VARADIAR STREET,SEVENWELLS,NULL,NULL,Chennai,Chennai,Tamil Nadu
MANNADY STREET 4th FLOOR,MANNADY,NULL,NULL,Chennai,Chennai,Tamil Nadu
CHINNA THAMBi STREET,KOTHAVAL SAVADI,NULL,NULL,Chennai,Chennai,Tamil Nadu
Perumal Mudali Street,Seven Wells,NULL,NULL,Chennai,Chennai,Tamil Nadu
PALAIYAPPAN STREET,SEVENWELLS,NULL,NULL,Chennai,Chennai,Tamil Nadu
VARADIER STREET,SEVEN WELLS,NULL,NULL,Chennai,Chennai,Tamil Nadu
PARAMANANDAM STREET,SEVEN WELLS,NULL,NULL,Chennai,Chennai,Tamil Nadu
PORTUGUESE CHURCH STREET,SEVENWELLS,NULL,NULL,Chennai,Chennai,Tamil Nadu
NAINIYAPPAN GARDEN 1ST LANE,SEVENWELLS,NULL,NULL,Chennai,Chennai,Tamil Nadu
NULL,NULL,NULL,MACKAN ROAD CROSS,Chennai,Chennai,Tamil Nadu
ACHARAPPAN STREET,BROADWAY,NULL,MACKAN ROAD CROSS,Chennai,Chennai,Tamil Nadu
NAGAMANI GARDEN STREET,SEVENWELLS,NULL,MACKAN ROAD CROSS,Chennai,Chennai,Tamil Nadu
ACHARAPPAN STREET,BROADWAY,NULL,MACKAN ROAD CROSS,Chennai,Chennai,Tamil Nadu
MUTHUMARI CHETTY STREET,MANNADY,NULL,MACKAN ROAD CROSS,Chennai,Chennai,Tamil Nadu
VENKATA MESTHRI STREET,MANNADY,NULL,MACKAN ROAD CROSS,Chennai,Chennai,Tamil Nadu
seven wells street,NULL,NULL,MACKAN ROAD CROSS,Chennai,Chennai,Tamil Nadu
NULL,NULL,NULL,MACKAN ROAD CROSS,Chennai,Chennai,Tamil Nadu
IYYAPPACHETTY STREET,MANNADY,NULL,MACKAN ROAD CROSS,Chennai,Chennai,Tamil Nadu
"MINT STREET,3rd FLOOR",SOWCARPET,NULL,MACKAN ROAD CROSS,Chennai,Chennai,Tamil Nadu
ACHARAYAPPAN STREET,-,NULL,MACKAN ROAD CROSS,Chennai,Chennai,Tamil Nadu
PAVALAKARA STREET,MANNADy,NULL,MACKAN ROAD CROSS,Chennai,Chennai,Tamil Nadu
ARANGAMAIKARA STREET,MANNADI,NULL,MACKAN ROAD CROSS,Chennai,Chennai,Tamil Nadu
APPASAMY STREET,SEVENWELLS,NULL,MACKAN ROAD CROSS,Chennai,Chennai,Tamil Nadu
SUBBU PILLAI STREET,MANNADY,NULL,MACKAN ROAD CROSS,Chennai,Chennai,Tamil Nadu
MUNIYAPPA STREET,KONDITHOPPU,NULL,NULL,Chennai,Chennai,Tamil Nadu
KANDAPPA STREET,KOTHAVAL BAZAR NEAR,NULL,NULL,Chennai,Chennai,Tamil Nadu
NAINIYAPPAN GARDEN 1ST LANE,SEVENWELLS,NULL,NULL,Chennai,Chennai,Tamil Nadu
SRINIVASAN STREET,SEVENWELLS,NULL,NULL,Chennai,Chennai,Tamil Nadu
MUTHUMARI STREET,NULL,NULL,NULL,Chennai,Chennai,Tamil Nadu
NULL,NULL,NULL,NULL,Chennai,Chennai,Tamil Nadu
BASHYAKARALU STREET,KONDITHOPPU,NULL,NULL,Chennai,Chennai,Tamil Nadu
PANNAIKARA ANDIYAPPAN STREET,SEVENWELLS,NULL,NULL,Chennai,Chennai,Tamil Nadu
SUBRAMNIYAN STREET,SEVENWELLS,NULL,NULL,Chennai,Chennai,Tamil Nadu
PIDARIYAR KOVIL STREET,BROADWAY,NULL,NULL,Chennai,Chennai,Tamil Nadu
,,NULL,NULL,Chennai,Chennai,Tamil Nadu
KUPPAIYAR STREET,KONDITHOPE,NULL,NULL,Chennai,Chennai,Tamil Nadu
PEDDU STREET,KONDITHOPE,NULL,NULL,Chennai,Chennai,Tamil Nadu
KANCHIPURAM SABATHY STREET,KONDITHOPPE,NULL,NULL,Chennai,Chennai,Tamil Nadu
PERUMAL STREET,KONDITHOPE,NULL,NULL,Chennai,Chennai,Tamil Nadu
VENKATRAMAN STREET,,NULL,NULL,Chennai,Chennai,Tamil Nadu
22-28 PRAKASAM SALAI,BROADWAY,NULL,NULL,Chennai,Chennai,Tamil Nadu
THAMBU CHETTY STREET,MANNADY,NULL,NULL,Chennai,Chennai,Tamil Nadu
SAHIB HAZARATH STREET,MASKAN CHAVADI,NULL,NULL,Chennai,Chennai,Tamil Nadu
VENKATAMAISTRY STREET,MANNADY,NULL,NULL,Chennai,Chennai,Tamil Nadu
JONES STREET,MANNADY,NULL,NULL,Chennai,Chennai,Tamil Nadu
P.V. IYER STREET,BROADWAY,NULL,NULL,Chennai,Chennai,Tamil Nadu
PORTUGUESE CHURCH STREET,SEVENWELLS,NULL,NULL,Chennai,Chennai,Tamil Nadu
P.V. IYER STREET,BROADWAY,NULL,NULL,Chennai,Chennai,Tamil Nadu
PERUMAL KOIL STREET,KONDITHOPE,NULL,NULL,Chennai,Chennai,Tamil Nadu
SAHIB HAZARATH STREET,MASKAN CHAVADI,NULL,NULL,Chennai,Chennai,Tamil Nadu
MANGAMMAL LANE,SEVEN WELLS,NULL,NULL,Chennai,Chennai,Tamil Nadu
Vaidaynathan Mudali Street,"Apollo Hospital , Mint Street",NULL,NULL,Chennai,Chennai,Tamil Nadu
Near  Chera bazar,2nd Fanasa Wadi,Near Vinayaka Circle,NULL,Mumbai,Mumbai,Maharashtra
Near Kabutar Khana Circle,Charni Road,Near Vinayaka Circle,NULL,Mumbai,Mumbai,Maharashtra
,Dhobi Talao,Near Vinayaka Circle,Manunatha Nagar,Mumbai,Mumbai,Maharashtra
,KALBADEVI,Near Vinayaka Circle,Manunatha Nagar,Mumbai,Mumbai,Maharashtra
,"Ganesh Murti Nagar,Colaba",Near Vinayaka Circle,Manunatha Nagar,Mumbai,Mumbai,Maharashtra
,THAKURDWAR,Near Vinayaka Circle,Manunatha Nagar,Mumbai,Mumbai,Maharashtra
NEAR PANDEY KIRANA STORE.,KANDIVALI EAST.,Near Vinayaka Circle,Manunatha Nagar,Mumbai,Mumbai,Maharashtra
,CHIRA BAZAR.,Opposite to PVR mall,Manunatha Nagar,Mumbai,Mumbai,Maharashtra
Near Ranade Hgih School,"14 - Zaobawadi, Thakurdwar, Girgaon",Opposite to PVR mall,Manunatha Nagar,Mumbai,Mumbai,Maharashtra
DADI SETH AGYARI LANE.,"CHIRABAZAR, FANASWADI",Opposite to PVR mall,Manunatha Nagar,Mumbai,Mumbai,Maharashtra
,CHIRABAZAR,Opposite to PVR mall,Manunatha Nagar,Mumbai,Mumbai,Maharashtra
,THAKURDWAR,Opposite to PVR mall,Manunatha Nagar,Mumbai,Mumbai,Maharashtra
NULL,NULL,Opposite to PVR mall,Manunatha Nagar,Mumbai,Mumbai,Maharashtra
"Thakurdwar Road,",Girgaon,Opposite to PVR mall,Manunatha Nagar,Mumbai,Mumbai,Maharashtra
Chirabazar,Chandanwadi,Opposite to PVR mall,Manunatha Nagar,Mumbai,Mumbai,Maharashtra
,PHYDHUNI,Opposite to PVR mall,Manunatha Nagar,Mumbai,Mumbai,Maharashtra
,CHIRABAZAR,Opposite to PVR mall,Manunatha Nagar,Mumbai,Mumbai,Maharashtra
OPP.NAVAKAL PRESS,GIRGAON,Opposite to PVR mall,Manunatha Nagar,Mumbai,Mumbai,Maharashtra
"NEAR ZAOBA RAM MANDIR,",CHARNI ROAD,Near railway track,NULL,Mumbai,Mumbai,Maharashtra
NULL,NULL,Near railway track,NULL,Mumbai,Mumbai,Maharashtra
"OPP.2ND FANASWADI,",CHIRABAZAR,Near railway track,NULL,Mumbai,Mumbai,Maharashtra
,kalbadevi,Near railway track,NULL,Mumbai,Mumbai,Maharashtra
,CHIRA BAZAR.,Near railway track,NULL,Mumbai,Mumbai,Maharashtra
Near B.M.C. School,Thakurdwar,Near railway track,NULL,Mumbai,Mumbai,Maharashtra
Near B.M.C. School,Thakurdwar,Near railway track,NULL,Mumbai,Mumbai,Maharashtra
"OPP VITHAL WADI,","MARINES LINE,",Near railway track,NULL,Mumbai,Mumbai,Maharashtra
,BHULESHWAR,Near railway track,NULL,Mumbai,Mumbai,Maharashtra
Next To Marine Lines Station,Marine Drive,Near railway track,NULL,Mumbai,Mumbai,Maharashtra
CHIRA BAZAR,CHIRA BAZAR,Near railway track,NULL,Mumbai,Mumbai,Maharashtra
Near Barreto School,chirabazar,Near railway track,NULL,Mumbai,Mumbai,Maharashtra
electric crematorium,chandanwadi,Near railway track,NULL,Mumbai,Mumbai,Maharashtra
Adarsh Hotel Lane,Kalbadevi,Near railway track,NULL,Mumbai,Mumbai,Maharashtra
"chandanwadi, gavliwadi",chandanwadi,Near railway track,NULL,Mumbai,Mumbai,Maharashtra
opp. tadwadi,CHIRA BAZAR,Near unique concord,NULL,Mumbai,Mumbai,Maharashtra
NEAR RAJESH FARSAN HOUSE,,Near unique concord,NULL,Mumbai,Mumbai,Maharashtra
bada kabrastan,chirabazar,Near unique concord,NULL,Mumbai,Mumbai,Maharashtra
bada kabrastan,chirabazar,Near unique concord,NULL,Mumbai,Mumbai,Maharashtra
near khadi bhandar,kalbhadevi,Near unique concord,NULL,Mumbai,Mumbai,Maharashtra
M J MARG,Kalbadevi,Near unique concord,NULL,Mumbai,Mumbai,Maharashtra
NEAR METRO CINEMA,DHOBITALAO,Near unique concord,45 Palaca road,Mumbai,Mumbai,Maharashtra
OPP.HANUMAN MANDIR,THAKURDWAR,Near unique concord,46 Palaca road,MUMBAI,Mumbai,Maharashtra
near madhav baug post office,c.p. tank,Near unique concord,47 Palaca road,Mumbai,Mumbai,Maharashtra
Near Ideal Chivda,Thakurdwar,Near unique concord,48 Palaca road,Mumbai,Mumbai,Maharashtra
NEAR MARWADI SCHOOL,CHIRABAZAR,Near mrf tyre,49 Palaca road,Mumbai,Mumbai,Maharashtra
,"77,CHANDANWADI",Near mrf tyre,50 Palaca road,Mumbai,Mumbai,Maharashtra
SWADESHI MARKET,KALBADEVI,Near mrf tyre,51 Palaca road,Mumbai,Mumbai,Maharashtra
OPP MUGBHAT,GIRGAON,Near mrf tyre,52 Palaca road,MUMBAI,Mumbai,Maharashtra
,CHIRABAZAR,Near mrf tyre,53 Palaca road,MUMBAI,Mumbai,Maharashtra
NEAR DADI SETH AGYARI LANE,BHULESHWAR,Near mrf tyre,54 Palaca road,MUMBAI,Mumbai,Maharashtra
,KALABADEVI,Near mrf tyre,55 Palaca road,MUMBAI,Mumbai,Maharashtra
,BHULESHWAR,Near mrf tyre,56 Palaca road,Mumbai,Mumbai,Maharashtra
Opp. B.M.C. 'C' Ward,Chandanwadi,Near mrf tyre,57 Palaca road,Mumbai,Mumbai,Maharashtra
OPP SWAMINARAYAN TEMPLE,BHULESHWAR,Near mrf tyre,58 Palaca road,Mumbai,Mumbai,Maharashtra
ON TOP OF LA CHANDELIER,MARINE LINES,Near mrf tyre,NULL,MUMBAI,Mumbai,Maharashtra
OPP.HANUMAN MANDIR,THAKURDWAR,Near mrf tyre,NULL,Mumbai,Mumbai,Maharashtra
Bhuleshwar,Chira Bazar,Near mrf tyre,NULL,Mumbai,Mumbai,Maharashtra
Near B.M.C. School,Thakurdwar,Near mrf tyre,NULL,mumbai,Mumbai,Maharashtra
Near Barreto School,chirabazar,Near mrf tyre,NULL,Mumbai,Mumbai,Maharashtra
bada kabrastan,chirabazar,Oppsite to sweet shop,NULL,Mumbai,Mumbai,Maharashtra
,MAZGAON,Oppsite to sweet shop,NULL,Mumbai,Mumbai,Maharashtra
,Chira Bazar,Oppsite to sweet shop,NULL,Mumbai,Mumbai,Maharashtra
"OPP,B.I.T BLOCK NO.1",CHANDANWADI,Oppsite to sweet shop,NULL,Mumbai,Mumbai,Maharashtra
near ram temple,thakurdwar,Oppsite to sweet shop,NULL,Mumbai,Mumbai,Maharashtra
OPP. B.M.C. OFFICE,KALBHADEVI,Oppsite to sweet shop,NULL,Mumbai,Mumbai,Maharashtra
bada kabrastan,chirabazar,Oppsite to sweet shop,NULL,Mumbai,Mumbai,Maharashtra
near sai baba mandir,chandanwadi ropa lane,Oppsite to sweet shop,NULL,Mumbai,Mumbai,Maharashtra
Opp. Balaji Mandir,Thakurdwar,Oppsite to sweet shop,NULL,Mumbai,Mumbai,Maharashtra
NULL,NULL,Oppsite to sweet shop,NULL,Mumbai,Mumbai,Maharashtra
NEAR H N HOSPITAL,NULL,Oppsite to sweet shop,NULL,Mumbai,Mumbai,Maharashtra
NEAR BARRETO HIGH SCHOOL,NULL,Oppsite to sweet shop,NULL,Mumbai,Mumbai,Maharashtra
opp-thakurdwar post office,NULL,Oppsite to sweet shop,NULL,Mumbai,Mumbai City,Maharashtra
NULL,NULL,Oppsite to sweet shop,NULL,Mumbai,Mumbai City,Maharashtra
NULL,NULL,Oppsite to sweet shop,NULL,Mumbai,Mumbai,Maharashtra
Dadi Seth Agiary Lane,NULL,Oppsite to sweet shop,NULL,Mumbai,Mumbai,Maharashtra
Princess Street,NULL,Oppsite to sweet shop,NULL,Kalbadevi,Mumbai,Maharashtra
NULL,NULL,Oppsite to sweet shop,NULL,Kalbadevi,Mumbai,Maharashtra
NULL,NULL,Oppsite to sweet shop,NULL,Mumbai,Mumbai City,Maharashtra
NULL,NULL,Oppsite to sweet shop,NULL,Mumbai,Mumbai,Maharashtra
NULL,NULL,Oppsite to sweet shop,NULL,Mumbai,Mumbai,Maharashtra
Charni Road Station,NULL,Oppsite to sweet shop,NULL,Mumbai,Mumbai,Maharashtra
Mahalaxmi Mandir compound,NULL,Neat vysa school,NULL,Mumbai,Mumbai,Maharashtra
Mahalaxmi Mandir compound,NULL,Neat vysa school,NULL,Mumbai,Mumbai,Maharashtra
Near Metro Cinema,NULL,Neat vysa school,NULL,Mumbai,Mumbai,Maharashtra
NULL,NULL,Neat vysa school,NULL,Mumbai,Mumbai,Maharashtra
near kalaram mandir,NULL,Neat vysa school,NULL,Mumbai,Mumbai,Maharashtra
Zaveri Bazar,NULL,Neat vysa school,NULL,Mumbai,Mumbai,Maharashtra
Near Hindi Vidya Bhavan School,NULL,Neat vysa school,NULL,Mumbai,Mumbai,Maharashtra
C- ward,NULL,Neat vysa school,NULL,Mumbai,Mumbai,Maharashtra
NULL,NULL,Neat vysa school,NULL,Mumbai,Mumbai,Maharashtra
NULL,NULL,Neat vysa school,NULL,Mumbai,Mumbai,Maharashtra
Kabutar khana,NULL,Neat vysa school,NULL,Mumbai,Mumbai,Maharashtra
Kabutar khana,NULL,Neat vysa school,NULL,Mumbai,Mumbai,Maharashtra
Kalbadevi Road,NULL,Neat vysa school,NULL,Mumbai,Mumbai,Maharashtra
kothari hospital,NULL,Neat vysa school,NULL,Mumbai,Mumbai,Maharashtra
Behind Police Chowki,NULL,Neat vysa school,NULL,Mumbai,Mumbai,Maharashtra
NULL,NULL,Neat vysa school,NULL,Mumbai,Mumbai,Maharashtra
Sion Koliwada,NULL,Neat vysa school,NULL,Mumbai,Mumbai,Maharashtra
Dhobhitlao,NULL,Neat vysa school,NULL,Mumbai,Mumbai,Maharashtra
NEAR HANUMAN MANDIR,NULL,Neat vysa school,NULL,Mumbai,Mumbai,Maharashtra
Near Shankar Temple,NULL,Neat vysa school,NULL,Mumbai,Mumbai,Maharashtra
